files,labels
../data-raw/cnn_data/complete/format_1_6120_057_1_10.jpg,complete
../data-raw/cnn_data/complete/format_1_6120_057_11_10.jpg,complete
../data-raw/cnn_data/complete/format_1_6120_057_11_11.jpg,complete
../data-raw/cnn_data/complete/format_1_6120_057_11_12.jpg,complete
../data-raw/cnn_data/complete/format_1_6120_057_11_13.jpg,complete
../data-raw/cnn_data/complete/format_1_6120_057_11_14.jpg,complete
../data-raw/cnn_data/complete/format_1_6120_057_11_15.jpg,complete
../data-raw/cnn_data/complete/format_1_6120_057_11_16.jpg,complete
../data-raw/cnn_data/complete/format_1_6120_057_11_17.jpg,complete
../data-raw/cnn_data/complete/format_1_6120_057_11_18.jpg,complete
../data-raw/cnn_data/complete/format_1_6120_057_11_19.jpg,complete
../data-raw/cnn_data/complete/format_1_6120_057_1_11.jpg,complete
../data-raw/cnn_data/complete/format_1_6120_057_11_1.jpg,complete
../data-raw/cnn_data/complete/format_1_6120_057_11_20.jpg,complete
../data-raw/cnn_data/complete/format_1_6120_057_11_21.jpg,complete
../data-raw/cnn_data/complete/format_1_6120_057_11_22.jpg,complete
../data-raw/cnn_data/complete/format_1_6120_057_11_23.jpg,complete
../data-raw/cnn_data/complete/format_1_6120_057_11_24.jpg,complete
../data-raw/cnn_data/complete/format_1_6120_057_11_25.jpg,complete
../data-raw/cnn_data/complete/format_1_6120_057_11_26.jpg,complete
../data-raw/cnn_data/complete/format_1_6120_057_11_27.jpg,complete
../data-raw/cnn_data/complete/format_1_6120_057_11_28.jpg,complete
../data-raw/cnn_data/complete/format_1_6120_057_11_29.jpg,complete
../data-raw/cnn_data/complete/format_1_6120_057_1_12.jpg,complete
../data-raw/cnn_data/complete/format_1_6120_057_11_2.jpg,complete
../data-raw/cnn_data/complete/format_1_6120_057_11_30.jpg,complete
../data-raw/cnn_data/complete/format_1_6120_057_11_31.jpg,complete
../data-raw/cnn_data/complete/format_1_6120_057_1_13.jpg,complete
../data-raw/cnn_data/complete/format_1_6120_057_11_3.jpg,complete
../data-raw/cnn_data/complete/format_1_6120_057_1_14.jpg,complete
../data-raw/cnn_data/complete/format_1_6120_057_11_4.jpg,complete
../data-raw/cnn_data/complete/format_1_6120_057_1_15.jpg,complete
../data-raw/cnn_data/complete/format_1_6120_057_11_5.jpg,complete
../data-raw/cnn_data/complete/format_1_6120_057_1_16.jpg,complete
../data-raw/cnn_data/complete/format_1_6120_057_11_6.jpg,complete
../data-raw/cnn_data/complete/format_1_6120_057_1_17.jpg,complete
../data-raw/cnn_data/complete/format_1_6120_057_11_7.jpg,complete
../data-raw/cnn_data/complete/format_1_6120_057_1_18.jpg,complete
../data-raw/cnn_data/complete/format_1_6120_057_11_8.jpg,complete
../data-raw/cnn_data/complete/format_1_6120_057_1_19.jpg,complete
../data-raw/cnn_data/complete/format_1_6120_057_11_9.jpg,complete
../data-raw/cnn_data/complete/format_1_6120_057_1_1.jpg,complete
../data-raw/cnn_data/complete/format_1_6120_057_1_20.jpg,complete
../data-raw/cnn_data/complete/format_1_6120_057_1_21.jpg,complete
../data-raw/cnn_data/complete/format_1_6120_057_1_22.jpg,complete
../data-raw/cnn_data/complete/format_1_6120_057_1_23.jpg,complete
../data-raw/cnn_data/complete/format_1_6120_057_1_24.jpg,complete
../data-raw/cnn_data/complete/format_1_6120_057_1_25.jpg,complete
../data-raw/cnn_data/complete/format_1_6120_057_1_26.jpg,complete
../data-raw/cnn_data/complete/format_1_6120_057_1_27.jpg,complete
../data-raw/cnn_data/complete/format_1_6120_057_1_28.jpg,complete
../data-raw/cnn_data/complete/format_1_6120_057_1_29.jpg,complete
../data-raw/cnn_data/complete/format_1_6120_057_1_2.jpg,complete
../data-raw/cnn_data/complete/format_1_6120_057_1_30.jpg,complete
../data-raw/cnn_data/complete/format_1_6120_057_1_31.jpg,complete
../data-raw/cnn_data/complete/format_1_6120_057_13_25.jpg,complete
../data-raw/cnn_data/complete/format_1_6120_057_13_28.jpg,complete
../data-raw/cnn_data/complete/format_1_6120_057_1_3.jpg,complete
../data-raw/cnn_data/complete/format_1_6120_057_1_4.jpg,complete
../data-raw/cnn_data/complete/format_1_6120_057_15_28.jpg,complete
../data-raw/cnn_data/complete/format_1_6120_057_1_5.jpg,complete
../data-raw/cnn_data/complete/format_1_6120_057_1_6.jpg,complete
../data-raw/cnn_data/complete/format_1_6120_057_1_7.jpg,complete
../data-raw/cnn_data/complete/format_1_6120_057_1_8.jpg,complete
../data-raw/cnn_data/complete/format_1_6120_057_1_9.jpg,complete
../data-raw/cnn_data/complete/format_1_6120_057_2_10.jpg,complete
../data-raw/cnn_data/complete/format_1_6120_057_2_11.jpg,complete
../data-raw/cnn_data/complete/format_1_6120_057_2_12.jpg,complete
../data-raw/cnn_data/complete/format_1_6120_057_2_13.jpg,complete
../data-raw/cnn_data/complete/format_1_6120_057_2_14.jpg,complete
../data-raw/cnn_data/complete/format_1_6120_057_2_15.jpg,complete
../data-raw/cnn_data/complete/format_1_6120_057_2_16.jpg,complete
../data-raw/cnn_data/complete/format_1_6120_057_2_17.jpg,complete
../data-raw/cnn_data/complete/format_1_6120_057_2_18.jpg,complete
../data-raw/cnn_data/complete/format_1_6120_057_2_19.jpg,complete
../data-raw/cnn_data/complete/format_1_6120_057_2_1.jpg,complete
../data-raw/cnn_data/complete/format_1_6120_057_2_20.jpg,complete
../data-raw/cnn_data/complete/format_1_6120_057_2_21.jpg,complete
../data-raw/cnn_data/complete/format_1_6120_057_2_22.jpg,complete
../data-raw/cnn_data/complete/format_1_6120_057_2_23.jpg,complete
../data-raw/cnn_data/complete/format_1_6120_057_2_24.jpg,complete
../data-raw/cnn_data/complete/format_1_6120_057_2_25.jpg,complete
../data-raw/cnn_data/complete/format_1_6120_057_2_26.jpg,complete
../data-raw/cnn_data/complete/format_1_6120_057_2_27.jpg,complete
../data-raw/cnn_data/complete/format_1_6120_057_2_28.jpg,complete
../data-raw/cnn_data/complete/format_1_6120_057_2_29.jpg,complete
../data-raw/cnn_data/complete/format_1_6120_057_2_2.jpg,complete
../data-raw/cnn_data/complete/format_1_6120_057_2_30.jpg,complete
../data-raw/cnn_data/complete/format_1_6120_057_2_31.jpg,complete
../data-raw/cnn_data/complete/format_1_6120_057_2_3.jpg,complete
../data-raw/cnn_data/complete/format_1_6120_057_2_4.jpg,complete
../data-raw/cnn_data/complete/format_1_6120_057_2_5.jpg,complete
../data-raw/cnn_data/complete/format_1_6120_057_2_6.jpg,complete
../data-raw/cnn_data/complete/format_1_6120_057_2_7.jpg,complete
../data-raw/cnn_data/complete/format_1_6120_057_2_8.jpg,complete
../data-raw/cnn_data/complete/format_1_6120_057_2_9.jpg,complete
../data-raw/cnn_data/complete/format_1_6120_057_3_10.jpg,complete
../data-raw/cnn_data/complete/format_1_6120_057_3_11.jpg,complete
../data-raw/cnn_data/complete/format_1_6120_057_3_12.jpg,complete
../data-raw/cnn_data/complete/format_1_6120_057_3_13.jpg,complete
../data-raw/cnn_data/complete/format_1_6120_057_3_14.jpg,complete
../data-raw/cnn_data/complete/format_1_6120_057_3_15.jpg,complete
../data-raw/cnn_data/complete/format_1_6120_057_3_16.jpg,complete
../data-raw/cnn_data/complete/format_1_6120_057_3_17.jpg,complete
../data-raw/cnn_data/complete/format_1_6120_057_3_18.jpg,complete
../data-raw/cnn_data/complete/format_1_6120_057_3_19.jpg,complete
../data-raw/cnn_data/complete/format_1_6120_057_3_1.jpg,complete
../data-raw/cnn_data/complete/format_1_6120_057_3_20.jpg,complete
../data-raw/cnn_data/complete/format_1_6120_057_3_21.jpg,complete
../data-raw/cnn_data/complete/format_1_6120_057_3_22.jpg,complete
../data-raw/cnn_data/complete/format_1_6120_057_3_23.jpg,complete
../data-raw/cnn_data/complete/format_1_6120_057_3_24.jpg,complete
../data-raw/cnn_data/complete/format_1_6120_057_3_25.jpg,complete
../data-raw/cnn_data/complete/format_1_6120_057_3_26.jpg,complete
../data-raw/cnn_data/complete/format_1_6120_057_3_27.jpg,complete
../data-raw/cnn_data/complete/format_1_6120_057_3_28.jpg,complete
../data-raw/cnn_data/complete/format_1_6120_057_3_29.jpg,complete
../data-raw/cnn_data/complete/format_1_6120_057_3_2.jpg,complete
../data-raw/cnn_data/complete/format_1_6120_057_3_30.jpg,complete
../data-raw/cnn_data/complete/format_1_6120_057_3_31.jpg,complete
../data-raw/cnn_data/complete/format_1_6120_057_3_3.jpg,complete
../data-raw/cnn_data/complete/format_1_6120_057_3_4.jpg,complete
../data-raw/cnn_data/complete/format_1_6120_057_3_5.jpg,complete
../data-raw/cnn_data/complete/format_1_6120_057_3_6.jpg,complete
../data-raw/cnn_data/complete/format_1_6120_057_3_7.jpg,complete
../data-raw/cnn_data/complete/format_1_6120_057_3_8.jpg,complete
../data-raw/cnn_data/complete/format_1_6120_057_3_9.jpg,complete
../data-raw/cnn_data/complete/format_1_6120_057_4_10.jpg,complete
../data-raw/cnn_data/complete/format_1_6120_057_4_11.jpg,complete
../data-raw/cnn_data/complete/format_1_6120_057_4_12.jpg,complete
../data-raw/cnn_data/complete/format_1_6120_057_4_13.jpg,complete
../data-raw/cnn_data/complete/format_1_6120_057_4_14.jpg,complete
../data-raw/cnn_data/complete/format_1_6120_057_4_15.jpg,complete
../data-raw/cnn_data/complete/format_1_6120_057_4_16.jpg,complete
../data-raw/cnn_data/complete/format_1_6120_057_4_17.jpg,complete
../data-raw/cnn_data/complete/format_1_6120_057_4_18.jpg,complete
../data-raw/cnn_data/complete/format_1_6120_057_4_19.jpg,complete
../data-raw/cnn_data/complete/format_1_6120_057_4_1.jpg,complete
../data-raw/cnn_data/complete/format_1_6120_057_4_20.jpg,complete
../data-raw/cnn_data/complete/format_1_6120_057_4_21.jpg,complete
../data-raw/cnn_data/complete/format_1_6120_057_4_22.jpg,complete
../data-raw/cnn_data/complete/format_1_6120_057_4_23.jpg,complete
../data-raw/cnn_data/complete/format_1_6120_057_4_24.jpg,complete
../data-raw/cnn_data/complete/format_1_6120_057_4_25.jpg,complete
../data-raw/cnn_data/complete/format_1_6120_057_4_26.jpg,complete
../data-raw/cnn_data/complete/format_1_6120_057_4_27.jpg,complete
../data-raw/cnn_data/complete/format_1_6120_057_4_28.jpg,complete
../data-raw/cnn_data/complete/format_1_6120_057_4_29.jpg,complete
../data-raw/cnn_data/complete/format_1_6120_057_4_2.jpg,complete
../data-raw/cnn_data/complete/format_1_6120_057_4_30.jpg,complete
../data-raw/cnn_data/complete/format_1_6120_057_4_31.jpg,complete
../data-raw/cnn_data/complete/format_1_6120_057_4_3.jpg,complete
../data-raw/cnn_data/complete/format_1_6120_057_4_4.jpg,complete
../data-raw/cnn_data/complete/format_1_6120_057_4_5.jpg,complete
../data-raw/cnn_data/complete/format_1_6120_057_4_6.jpg,complete
../data-raw/cnn_data/complete/format_1_6120_057_4_7.jpg,complete
../data-raw/cnn_data/complete/format_1_6120_057_4_8.jpg,complete
../data-raw/cnn_data/complete/format_1_6120_057_4_9.jpg,complete
../data-raw/cnn_data/complete/format_1_6120_057_5_10.jpg,complete
../data-raw/cnn_data/complete/format_1_6120_057_5_11.jpg,complete
../data-raw/cnn_data/complete/format_1_6120_057_5_12.jpg,complete
../data-raw/cnn_data/complete/format_1_6120_057_5_13.jpg,complete
../data-raw/cnn_data/complete/format_1_6120_057_5_14.jpg,complete
../data-raw/cnn_data/complete/format_1_6120_057_5_15.jpg,complete
../data-raw/cnn_data/complete/format_1_6120_057_5_16.jpg,complete
../data-raw/cnn_data/complete/format_1_6120_057_5_17.jpg,complete
../data-raw/cnn_data/complete/format_1_6120_057_5_18.jpg,complete
../data-raw/cnn_data/complete/format_1_6120_057_5_19.jpg,complete
../data-raw/cnn_data/complete/format_1_6120_057_5_1.jpg,complete
../data-raw/cnn_data/complete/format_1_6120_057_5_20.jpg,complete
../data-raw/cnn_data/complete/format_1_6120_057_5_21.jpg,complete
../data-raw/cnn_data/complete/format_1_6120_057_5_22.jpg,complete
../data-raw/cnn_data/complete/format_1_6120_057_5_23.jpg,complete
../data-raw/cnn_data/complete/format_1_6120_057_5_24.jpg,complete
../data-raw/cnn_data/complete/format_1_6120_057_5_25.jpg,complete
../data-raw/cnn_data/complete/format_1_6120_057_5_26.jpg,complete
../data-raw/cnn_data/complete/format_1_6120_057_5_27.jpg,complete
../data-raw/cnn_data/complete/format_1_6120_057_5_28.jpg,complete
../data-raw/cnn_data/complete/format_1_6120_057_5_29.jpg,complete
../data-raw/cnn_data/complete/format_1_6120_057_5_2.jpg,complete
../data-raw/cnn_data/complete/format_1_6120_057_5_30.jpg,complete
../data-raw/cnn_data/complete/format_1_6120_057_5_31.jpg,complete
../data-raw/cnn_data/complete/format_1_6120_057_5_3.jpg,complete
../data-raw/cnn_data/complete/format_1_6120_057_5_4.jpg,complete
../data-raw/cnn_data/complete/format_1_6120_057_5_5.jpg,complete
../data-raw/cnn_data/complete/format_1_6120_057_5_6.jpg,complete
../data-raw/cnn_data/complete/format_1_6120_057_5_7.jpg,complete
../data-raw/cnn_data/complete/format_1_6120_057_5_8.jpg,complete
../data-raw/cnn_data/complete/format_1_6120_057_5_9.jpg,complete
../data-raw/cnn_data/complete/format_1_6120_057_6_10.jpg,complete
../data-raw/cnn_data/complete/format_1_6120_057_6_11.jpg,complete
../data-raw/cnn_data/complete/format_1_6120_057_6_12.jpg,complete
../data-raw/cnn_data/complete/format_1_6120_057_6_13.jpg,complete
../data-raw/cnn_data/complete/format_1_6120_057_6_14.jpg,complete
../data-raw/cnn_data/complete/format_1_6120_057_6_15.jpg,complete
../data-raw/cnn_data/complete/format_1_6120_057_6_16.jpg,complete
../data-raw/cnn_data/complete/format_1_6120_057_6_17.jpg,complete
../data-raw/cnn_data/complete/format_1_6120_057_6_18.jpg,complete
../data-raw/cnn_data/complete/format_1_6120_057_6_19.jpg,complete
../data-raw/cnn_data/complete/format_1_6120_057_6_1.jpg,complete
../data-raw/cnn_data/complete/format_1_6120_057_6_20.jpg,complete
../data-raw/cnn_data/complete/format_1_6120_057_6_21.jpg,complete
../data-raw/cnn_data/complete/format_1_6120_057_6_22.jpg,complete
../data-raw/cnn_data/complete/format_1_6120_057_6_23.jpg,complete
../data-raw/cnn_data/complete/format_1_6120_057_6_24.jpg,complete
../data-raw/cnn_data/complete/format_1_6120_057_6_25.jpg,complete
../data-raw/cnn_data/complete/format_1_6120_057_6_26.jpg,complete
../data-raw/cnn_data/complete/format_1_6120_057_6_27.jpg,complete
../data-raw/cnn_data/complete/format_1_6120_057_6_28.jpg,complete
../data-raw/cnn_data/complete/format_1_6120_057_6_29.jpg,complete
../data-raw/cnn_data/complete/format_1_6120_057_6_2.jpg,complete
../data-raw/cnn_data/complete/format_1_6120_057_6_30.jpg,complete
../data-raw/cnn_data/complete/format_1_6120_057_6_31.jpg,complete
../data-raw/cnn_data/complete/format_1_6120_057_6_3.jpg,complete
../data-raw/cnn_data/complete/format_1_6120_057_6_4.jpg,complete
../data-raw/cnn_data/complete/format_1_6120_057_6_5.jpg,complete
../data-raw/cnn_data/complete/format_1_6120_057_6_6.jpg,complete
../data-raw/cnn_data/complete/format_1_6120_057_6_7.jpg,complete
../data-raw/cnn_data/complete/format_1_6120_057_6_8.jpg,complete
../data-raw/cnn_data/complete/format_1_6120_057_6_9.jpg,complete
../data-raw/cnn_data/complete/format_1_6120_057_7_10.jpg,complete
../data-raw/cnn_data/complete/format_1_6120_057_7_11.jpg,complete
../data-raw/cnn_data/complete/format_1_6120_057_7_12.jpg,complete
../data-raw/cnn_data/complete/format_1_6120_057_7_13.jpg,complete
../data-raw/cnn_data/complete/format_1_6120_057_7_14.jpg,complete
../data-raw/cnn_data/complete/format_1_6120_057_7_15.jpg,complete
../data-raw/cnn_data/complete/format_1_6120_057_7_16.jpg,complete
../data-raw/cnn_data/complete/format_1_6120_057_7_17.jpg,complete
../data-raw/cnn_data/complete/format_1_6120_057_7_18.jpg,complete
../data-raw/cnn_data/complete/format_1_6120_057_7_19.jpg,complete
../data-raw/cnn_data/complete/format_1_6120_057_7_1.jpg,complete
../data-raw/cnn_data/complete/format_1_6120_057_7_20.jpg,complete
../data-raw/cnn_data/complete/format_1_6120_057_7_21.jpg,complete
../data-raw/cnn_data/complete/format_1_6120_057_7_22.jpg,complete
../data-raw/cnn_data/complete/format_1_6120_057_7_23.jpg,complete
../data-raw/cnn_data/complete/format_1_6120_057_7_24.jpg,complete
../data-raw/cnn_data/complete/format_1_6120_057_7_25.jpg,complete
../data-raw/cnn_data/complete/format_1_6120_057_7_26.jpg,complete
../data-raw/cnn_data/complete/format_1_6120_057_7_27.jpg,complete
../data-raw/cnn_data/complete/format_1_6120_057_7_28.jpg,complete
../data-raw/cnn_data/complete/format_1_6120_057_7_29.jpg,complete
../data-raw/cnn_data/complete/format_1_6120_057_7_2.jpg,complete
../data-raw/cnn_data/complete/format_1_6120_057_7_30.jpg,complete
../data-raw/cnn_data/complete/format_1_6120_057_7_31.jpg,complete
../data-raw/cnn_data/complete/format_1_6120_057_7_3.jpg,complete
../data-raw/cnn_data/complete/format_1_6120_057_7_4.jpg,complete
../data-raw/cnn_data/complete/format_1_6120_057_7_5.jpg,complete
../data-raw/cnn_data/complete/format_1_6120_057_7_6.jpg,complete
../data-raw/cnn_data/complete/format_1_6120_057_7_7.jpg,complete
../data-raw/cnn_data/complete/format_1_6120_057_7_8.jpg,complete
../data-raw/cnn_data/complete/format_1_6120_057_7_9.jpg,complete
../data-raw/cnn_data/complete/format_1_6120_057_8_10.jpg,complete
../data-raw/cnn_data/complete/format_1_6120_057_8_11.jpg,complete
../data-raw/cnn_data/complete/format_1_6120_057_8_12.jpg,complete
../data-raw/cnn_data/complete/format_1_6120_057_8_13.jpg,complete
../data-raw/cnn_data/complete/format_1_6120_057_8_14.jpg,complete
../data-raw/cnn_data/complete/format_1_6120_057_8_15.jpg,complete
../data-raw/cnn_data/complete/format_1_6120_057_8_16.jpg,complete
../data-raw/cnn_data/complete/format_1_6120_057_8_17.jpg,complete
../data-raw/cnn_data/complete/format_1_6120_057_8_18.jpg,complete
../data-raw/cnn_data/complete/format_1_6120_057_8_19.jpg,complete
../data-raw/cnn_data/complete/format_1_6120_057_8_1.jpg,complete
../data-raw/cnn_data/complete/format_1_6120_057_8_20.jpg,complete
../data-raw/cnn_data/complete/format_1_6120_057_8_21.jpg,complete
../data-raw/cnn_data/complete/format_1_6120_057_8_22.jpg,complete
../data-raw/cnn_data/complete/format_1_6120_057_8_23.jpg,complete
../data-raw/cnn_data/complete/format_1_6120_057_8_24.jpg,complete
../data-raw/cnn_data/complete/format_1_6120_057_8_25.jpg,complete
../data-raw/cnn_data/complete/format_1_6120_057_8_26.jpg,complete
../data-raw/cnn_data/complete/format_1_6120_057_8_27.jpg,complete
../data-raw/cnn_data/complete/format_1_6120_057_8_28.jpg,complete
../data-raw/cnn_data/complete/format_1_6120_057_8_29.jpg,complete
../data-raw/cnn_data/complete/format_1_6120_057_8_2.jpg,complete
../data-raw/cnn_data/complete/format_1_6120_057_8_30.jpg,complete
../data-raw/cnn_data/complete/format_1_6120_057_8_31.jpg,complete
../data-raw/cnn_data/complete/format_1_6120_057_8_3.jpg,complete
../data-raw/cnn_data/complete/format_1_6120_057_8_4.jpg,complete
../data-raw/cnn_data/complete/format_1_6120_057_8_5.jpg,complete
../data-raw/cnn_data/complete/format_1_6120_057_8_6.jpg,complete
../data-raw/cnn_data/complete/format_1_6120_057_8_7.jpg,complete
../data-raw/cnn_data/complete/format_1_6120_057_8_8.jpg,complete
../data-raw/cnn_data/complete/format_1_6120_057_8_9.jpg,complete
../data-raw/cnn_data/complete/format_1_6127_162_1_10.jpg,complete
../data-raw/cnn_data/complete/format_1_6127_162_11_10.jpg,complete
../data-raw/cnn_data/complete/format_1_6127_162_11_11.jpg,complete
../data-raw/cnn_data/complete/format_1_6127_162_11_12.jpg,complete
../data-raw/cnn_data/complete/format_1_6127_162_11_13.jpg,complete
../data-raw/cnn_data/complete/format_1_6127_162_11_14.jpg,complete
../data-raw/cnn_data/complete/format_1_6127_162_11_15.jpg,complete
../data-raw/cnn_data/complete/format_1_6127_162_11_16.jpg,complete
../data-raw/cnn_data/complete/format_1_6127_162_11_17.jpg,complete
../data-raw/cnn_data/complete/format_1_6127_162_11_18.jpg,complete
../data-raw/cnn_data/complete/format_1_6127_162_11_19.jpg,complete
../data-raw/cnn_data/complete/format_1_6127_162_1_11.jpg,complete
../data-raw/cnn_data/complete/format_1_6127_162_11_1.jpg,complete
../data-raw/cnn_data/complete/format_1_6127_162_11_20.jpg,complete
../data-raw/cnn_data/complete/format_1_6127_162_11_21.jpg,complete
../data-raw/cnn_data/complete/format_1_6127_162_11_22.jpg,complete
../data-raw/cnn_data/complete/format_1_6127_162_11_23.jpg,complete
../data-raw/cnn_data/complete/format_1_6127_162_11_24.jpg,complete
../data-raw/cnn_data/complete/format_1_6127_162_11_25.jpg,complete
../data-raw/cnn_data/complete/format_1_6127_162_11_26.jpg,complete
../data-raw/cnn_data/complete/format_1_6127_162_11_27.jpg,complete
../data-raw/cnn_data/complete/format_1_6127_162_11_28.jpg,complete
../data-raw/cnn_data/complete/format_1_6127_162_11_29.jpg,complete
../data-raw/cnn_data/complete/format_1_6127_162_1_12.jpg,complete
../data-raw/cnn_data/complete/format_1_6127_162_11_2.jpg,complete
../data-raw/cnn_data/complete/format_1_6127_162_11_30.jpg,complete
../data-raw/cnn_data/complete/format_1_6127_162_11_31.jpg,complete
../data-raw/cnn_data/complete/format_1_6127_162_1_13.jpg,complete
../data-raw/cnn_data/complete/format_1_6127_162_11_3.jpg,complete
../data-raw/cnn_data/complete/format_1_6127_162_1_14.jpg,complete
../data-raw/cnn_data/complete/format_1_6127_162_11_4.jpg,complete
../data-raw/cnn_data/complete/format_1_6127_162_1_15.jpg,complete
../data-raw/cnn_data/complete/format_1_6127_162_11_5.jpg,complete
../data-raw/cnn_data/complete/format_1_6127_162_1_16.jpg,complete
../data-raw/cnn_data/complete/format_1_6127_162_11_6.jpg,complete
../data-raw/cnn_data/complete/format_1_6127_162_1_17.jpg,complete
../data-raw/cnn_data/complete/format_1_6127_162_11_7.jpg,complete
../data-raw/cnn_data/complete/format_1_6127_162_1_18.jpg,complete
../data-raw/cnn_data/complete/format_1_6127_162_11_8.jpg,complete
../data-raw/cnn_data/complete/format_1_6127_162_1_19.jpg,complete
../data-raw/cnn_data/complete/format_1_6127_162_11_9.jpg,complete
../data-raw/cnn_data/complete/format_1_6127_162_1_1.jpg,complete
../data-raw/cnn_data/complete/format_1_6127_162_1_20.jpg,complete
../data-raw/cnn_data/complete/format_1_6127_162_1_21.jpg,complete
../data-raw/cnn_data/complete/format_1_6127_162_1_22.jpg,complete
../data-raw/cnn_data/complete/format_1_6127_162_1_23.jpg,complete
../data-raw/cnn_data/complete/format_1_6127_162_1_24.jpg,complete
../data-raw/cnn_data/complete/format_1_6127_162_1_25.jpg,complete
../data-raw/cnn_data/complete/format_1_6127_162_1_26.jpg,complete
../data-raw/cnn_data/complete/format_1_6127_162_1_27.jpg,complete
../data-raw/cnn_data/complete/format_1_6127_162_1_28.jpg,complete
../data-raw/cnn_data/complete/format_1_6127_162_1_29.jpg,complete
../data-raw/cnn_data/complete/format_1_6127_162_1_2.jpg,complete
../data-raw/cnn_data/complete/format_1_6127_162_1_30.jpg,complete
../data-raw/cnn_data/complete/format_1_6127_162_1_31.jpg,complete
../data-raw/cnn_data/complete/format_1_6127_162_1_3.jpg,complete
../data-raw/cnn_data/complete/format_1_6127_162_1_4.jpg,complete
../data-raw/cnn_data/complete/format_1_6127_162_1_5.jpg,complete
../data-raw/cnn_data/complete/format_1_6127_162_1_6.jpg,complete
../data-raw/cnn_data/complete/format_1_6127_162_1_7.jpg,complete
../data-raw/cnn_data/complete/format_1_6127_162_1_8.jpg,complete
../data-raw/cnn_data/complete/format_1_6127_162_1_9.jpg,complete
../data-raw/cnn_data/complete/format_1_6127_162_2_10.jpg,complete
../data-raw/cnn_data/complete/format_1_6127_162_2_11.jpg,complete
../data-raw/cnn_data/complete/format_1_6127_162_2_12.jpg,complete
../data-raw/cnn_data/complete/format_1_6127_162_2_13.jpg,complete
../data-raw/cnn_data/complete/format_1_6127_162_2_14.jpg,complete
../data-raw/cnn_data/complete/format_1_6127_162_2_15.jpg,complete
../data-raw/cnn_data/complete/format_1_6127_162_2_16.jpg,complete
../data-raw/cnn_data/complete/format_1_6127_162_2_17.jpg,complete
../data-raw/cnn_data/complete/format_1_6127_162_2_18.jpg,complete
../data-raw/cnn_data/complete/format_1_6127_162_2_19.jpg,complete
../data-raw/cnn_data/complete/format_1_6127_162_2_1.jpg,complete
../data-raw/cnn_data/complete/format_1_6127_162_2_20.jpg,complete
../data-raw/cnn_data/complete/format_1_6127_162_2_21.jpg,complete
../data-raw/cnn_data/complete/format_1_6127_162_2_22.jpg,complete
../data-raw/cnn_data/complete/format_1_6127_162_2_23.jpg,complete
../data-raw/cnn_data/complete/format_1_6127_162_2_24.jpg,complete
../data-raw/cnn_data/complete/format_1_6127_162_2_25.jpg,complete
../data-raw/cnn_data/complete/format_1_6127_162_2_26.jpg,complete
../data-raw/cnn_data/complete/format_1_6127_162_2_27.jpg,complete
../data-raw/cnn_data/complete/format_1_6127_162_2_28.jpg,complete
../data-raw/cnn_data/complete/format_1_6127_162_2_29.jpg,complete
../data-raw/cnn_data/complete/format_1_6127_162_2_2.jpg,complete
../data-raw/cnn_data/complete/format_1_6127_162_2_30.jpg,complete
../data-raw/cnn_data/complete/format_1_6127_162_2_31.jpg,complete
../data-raw/cnn_data/complete/format_1_6127_162_2_3.jpg,complete
../data-raw/cnn_data/complete/format_1_6127_162_2_4.jpg,complete
../data-raw/cnn_data/complete/format_1_6127_162_2_5.jpg,complete
../data-raw/cnn_data/complete/format_1_6127_162_2_6.jpg,complete
../data-raw/cnn_data/complete/format_1_6127_162_2_7.jpg,complete
../data-raw/cnn_data/complete/format_1_6127_162_2_8.jpg,complete
../data-raw/cnn_data/complete/format_1_6127_162_2_9.jpg,complete
../data-raw/cnn_data/complete/format_1_6127_162_3_10.jpg,complete
../data-raw/cnn_data/complete/format_1_6127_162_3_11.jpg,complete
../data-raw/cnn_data/complete/format_1_6127_162_3_12.jpg,complete
../data-raw/cnn_data/complete/format_1_6127_162_3_13.jpg,complete
../data-raw/cnn_data/complete/format_1_6127_162_3_14.jpg,complete
../data-raw/cnn_data/complete/format_1_6127_162_3_15.jpg,complete
../data-raw/cnn_data/complete/format_1_6127_162_3_16.jpg,complete
../data-raw/cnn_data/complete/format_1_6127_162_3_17.jpg,complete
../data-raw/cnn_data/complete/format_1_6127_162_3_18.jpg,complete
../data-raw/cnn_data/complete/format_1_6127_162_3_19.jpg,complete
../data-raw/cnn_data/complete/format_1_6127_162_3_1.jpg,complete
../data-raw/cnn_data/complete/format_1_6127_162_3_20.jpg,complete
../data-raw/cnn_data/complete/format_1_6127_162_3_21.jpg,complete
../data-raw/cnn_data/complete/format_1_6127_162_3_22.jpg,complete
../data-raw/cnn_data/complete/format_1_6127_162_3_23.jpg,complete
../data-raw/cnn_data/complete/format_1_6127_162_3_24.jpg,complete
../data-raw/cnn_data/complete/format_1_6127_162_3_25.jpg,complete
../data-raw/cnn_data/complete/format_1_6127_162_3_26.jpg,complete
../data-raw/cnn_data/complete/format_1_6127_162_3_27.jpg,complete
../data-raw/cnn_data/complete/format_1_6127_162_3_28.jpg,complete
../data-raw/cnn_data/complete/format_1_6127_162_3_29.jpg,complete
../data-raw/cnn_data/complete/format_1_6127_162_3_2.jpg,complete
../data-raw/cnn_data/complete/format_1_6127_162_3_30.jpg,complete
../data-raw/cnn_data/complete/format_1_6127_162_3_31.jpg,complete
../data-raw/cnn_data/complete/format_1_6127_162_3_3.jpg,complete
../data-raw/cnn_data/complete/format_1_6127_162_3_4.jpg,complete
../data-raw/cnn_data/complete/format_1_6127_162_3_5.jpg,complete
../data-raw/cnn_data/complete/format_1_6127_162_3_6.jpg,complete
../data-raw/cnn_data/complete/format_1_6127_162_3_7.jpg,complete
../data-raw/cnn_data/complete/format_1_6127_162_3_8.jpg,complete
../data-raw/cnn_data/complete/format_1_6127_162_3_9.jpg,complete
../data-raw/cnn_data/complete/format_1_6127_162_4_10.jpg,complete
../data-raw/cnn_data/complete/format_1_6127_162_4_11.jpg,complete
../data-raw/cnn_data/complete/format_1_6127_162_4_12.jpg,complete
../data-raw/cnn_data/complete/format_1_6127_162_4_13.jpg,complete
../data-raw/cnn_data/complete/format_1_6127_162_4_14.jpg,complete
../data-raw/cnn_data/complete/format_1_6127_162_4_15.jpg,complete
../data-raw/cnn_data/complete/format_1_6127_162_4_16.jpg,complete
../data-raw/cnn_data/complete/format_1_6127_162_4_17.jpg,complete
../data-raw/cnn_data/complete/format_1_6127_162_4_18.jpg,complete
../data-raw/cnn_data/complete/format_1_6127_162_4_19.jpg,complete
../data-raw/cnn_data/complete/format_1_6127_162_4_1.jpg,complete
../data-raw/cnn_data/complete/format_1_6127_162_4_20.jpg,complete
../data-raw/cnn_data/complete/format_1_6127_162_4_21.jpg,complete
../data-raw/cnn_data/complete/format_1_6127_162_4_22.jpg,complete
../data-raw/cnn_data/complete/format_1_6127_162_4_23.jpg,complete
../data-raw/cnn_data/complete/format_1_6127_162_4_24.jpg,complete
../data-raw/cnn_data/complete/format_1_6127_162_4_25.jpg,complete
../data-raw/cnn_data/complete/format_1_6127_162_4_26.jpg,complete
../data-raw/cnn_data/complete/format_1_6127_162_4_27.jpg,complete
../data-raw/cnn_data/complete/format_1_6127_162_4_28.jpg,complete
../data-raw/cnn_data/complete/format_1_6127_162_4_29.jpg,complete
../data-raw/cnn_data/complete/format_1_6127_162_4_2.jpg,complete
../data-raw/cnn_data/complete/format_1_6127_162_4_30.jpg,complete
../data-raw/cnn_data/complete/format_1_6127_162_4_31.jpg,complete
../data-raw/cnn_data/complete/format_1_6127_162_4_3.jpg,complete
../data-raw/cnn_data/complete/format_1_6127_162_4_4.jpg,complete
../data-raw/cnn_data/complete/format_1_6127_162_4_5.jpg,complete
../data-raw/cnn_data/complete/format_1_6127_162_4_6.jpg,complete
../data-raw/cnn_data/complete/format_1_6127_162_4_7.jpg,complete
../data-raw/cnn_data/complete/format_1_6127_162_4_8.jpg,complete
../data-raw/cnn_data/complete/format_1_6127_162_4_9.jpg,complete
../data-raw/cnn_data/complete/format_1_6127_162_5_10.jpg,complete
../data-raw/cnn_data/complete/format_1_6127_162_5_11.jpg,complete
../data-raw/cnn_data/complete/format_1_6127_162_5_12.jpg,complete
../data-raw/cnn_data/complete/format_1_6127_162_5_13.jpg,complete
../data-raw/cnn_data/complete/format_1_6127_162_5_14.jpg,complete
../data-raw/cnn_data/complete/format_1_6127_162_5_15.jpg,complete
../data-raw/cnn_data/complete/format_1_6127_162_5_16.jpg,complete
../data-raw/cnn_data/complete/format_1_6127_162_5_17.jpg,complete
../data-raw/cnn_data/complete/format_1_6127_162_5_18.jpg,complete
../data-raw/cnn_data/complete/format_1_6127_162_5_19.jpg,complete
../data-raw/cnn_data/complete/format_1_6127_162_5_1.jpg,complete
../data-raw/cnn_data/complete/format_1_6127_162_5_20.jpg,complete
../data-raw/cnn_data/complete/format_1_6127_162_5_21.jpg,complete
../data-raw/cnn_data/complete/format_1_6127_162_5_22.jpg,complete
../data-raw/cnn_data/complete/format_1_6127_162_5_23.jpg,complete
../data-raw/cnn_data/complete/format_1_6127_162_5_24.jpg,complete
../data-raw/cnn_data/complete/format_1_6127_162_5_25.jpg,complete
../data-raw/cnn_data/complete/format_1_6127_162_5_26.jpg,complete
../data-raw/cnn_data/complete/format_1_6127_162_5_27.jpg,complete
../data-raw/cnn_data/complete/format_1_6127_162_5_28.jpg,complete
../data-raw/cnn_data/complete/format_1_6127_162_5_29.jpg,complete
../data-raw/cnn_data/complete/format_1_6127_162_5_2.jpg,complete
../data-raw/cnn_data/complete/format_1_6127_162_5_30.jpg,complete
../data-raw/cnn_data/complete/format_1_6127_162_5_31.jpg,complete
../data-raw/cnn_data/complete/format_1_6127_162_5_3.jpg,complete
../data-raw/cnn_data/complete/format_1_6127_162_5_4.jpg,complete
../data-raw/cnn_data/complete/format_1_6127_162_5_5.jpg,complete
../data-raw/cnn_data/complete/format_1_6127_162_5_6.jpg,complete
../data-raw/cnn_data/complete/format_1_6127_162_5_7.jpg,complete
../data-raw/cnn_data/complete/format_1_6127_162_5_8.jpg,complete
../data-raw/cnn_data/complete/format_1_6127_162_5_9.jpg,complete
../data-raw/cnn_data/complete/format_1_6127_162_6_10.jpg,complete
../data-raw/cnn_data/complete/format_1_6127_162_6_11.jpg,complete
../data-raw/cnn_data/complete/format_1_6127_162_6_12.jpg,complete
../data-raw/cnn_data/complete/format_1_6127_162_6_13.jpg,complete
../data-raw/cnn_data/complete/format_1_6127_162_6_14.jpg,complete
../data-raw/cnn_data/complete/format_1_6127_162_6_15.jpg,complete
../data-raw/cnn_data/complete/format_1_6127_162_6_16.jpg,complete
../data-raw/cnn_data/complete/format_1_6127_162_6_17.jpg,complete
../data-raw/cnn_data/complete/format_1_6127_162_6_18.jpg,complete
../data-raw/cnn_data/complete/format_1_6127_162_6_19.jpg,complete
../data-raw/cnn_data/complete/format_1_6127_162_6_1.jpg,complete
../data-raw/cnn_data/complete/format_1_6127_162_6_20.jpg,complete
../data-raw/cnn_data/complete/format_1_6127_162_6_21.jpg,complete
../data-raw/cnn_data/complete/format_1_6127_162_6_22.jpg,complete
../data-raw/cnn_data/complete/format_1_6127_162_6_23.jpg,complete
../data-raw/cnn_data/complete/format_1_6127_162_6_24.jpg,complete
../data-raw/cnn_data/complete/format_1_6127_162_6_25.jpg,complete
../data-raw/cnn_data/complete/format_1_6127_162_6_26.jpg,complete
../data-raw/cnn_data/complete/format_1_6127_162_6_27.jpg,complete
../data-raw/cnn_data/complete/format_1_6127_162_6_28.jpg,complete
../data-raw/cnn_data/complete/format_1_6127_162_6_29.jpg,complete
../data-raw/cnn_data/complete/format_1_6127_162_6_2.jpg,complete
../data-raw/cnn_data/complete/format_1_6127_162_6_30.jpg,complete
../data-raw/cnn_data/complete/format_1_6127_162_6_31.jpg,complete
../data-raw/cnn_data/complete/format_1_6127_162_6_3.jpg,complete
../data-raw/cnn_data/complete/format_1_6127_162_6_4.jpg,complete
../data-raw/cnn_data/complete/format_1_6127_162_6_5.jpg,complete
../data-raw/cnn_data/complete/format_1_6127_162_6_6.jpg,complete
../data-raw/cnn_data/complete/format_1_6127_162_6_7.jpg,complete
../data-raw/cnn_data/complete/format_1_6127_162_6_8.jpg,complete
../data-raw/cnn_data/complete/format_1_6127_162_6_9.jpg,complete
../data-raw/cnn_data/complete/format_1_6127_162_7_10.jpg,complete
../data-raw/cnn_data/complete/format_1_6127_162_7_11.jpg,complete
../data-raw/cnn_data/complete/format_1_6127_162_7_12.jpg,complete
../data-raw/cnn_data/complete/format_1_6127_162_7_13.jpg,complete
../data-raw/cnn_data/complete/format_1_6127_162_7_14.jpg,complete
../data-raw/cnn_data/complete/format_1_6127_162_7_15.jpg,complete
../data-raw/cnn_data/complete/format_1_6127_162_7_16.jpg,complete
../data-raw/cnn_data/complete/format_1_6127_162_7_17.jpg,complete
../data-raw/cnn_data/complete/format_1_6127_162_7_18.jpg,complete
../data-raw/cnn_data/complete/format_1_6127_162_7_19.jpg,complete
../data-raw/cnn_data/complete/format_1_6127_162_7_1.jpg,complete
../data-raw/cnn_data/complete/format_1_6127_162_7_20.jpg,complete
../data-raw/cnn_data/complete/format_1_6127_162_7_21.jpg,complete
../data-raw/cnn_data/complete/format_1_6127_162_7_22.jpg,complete
../data-raw/cnn_data/complete/format_1_6127_162_7_23.jpg,complete
../data-raw/cnn_data/complete/format_1_6127_162_7_24.jpg,complete
../data-raw/cnn_data/complete/format_1_6127_162_7_25.jpg,complete
../data-raw/cnn_data/complete/format_1_6127_162_7_26.jpg,complete
../data-raw/cnn_data/complete/format_1_6127_162_7_27.jpg,complete
../data-raw/cnn_data/complete/format_1_6127_162_7_28.jpg,complete
../data-raw/cnn_data/complete/format_1_6127_162_7_29.jpg,complete
../data-raw/cnn_data/complete/format_1_6127_162_7_2.jpg,complete
../data-raw/cnn_data/complete/format_1_6127_162_7_30.jpg,complete
../data-raw/cnn_data/complete/format_1_6127_162_7_31.jpg,complete
../data-raw/cnn_data/complete/format_1_6127_162_7_3.jpg,complete
../data-raw/cnn_data/complete/format_1_6127_162_7_4.jpg,complete
../data-raw/cnn_data/complete/format_1_6127_162_7_5.jpg,complete
../data-raw/cnn_data/complete/format_1_6127_162_7_6.jpg,complete
../data-raw/cnn_data/complete/format_1_6127_162_7_7.jpg,complete
../data-raw/cnn_data/complete/format_1_6127_162_7_8.jpg,complete
../data-raw/cnn_data/complete/format_1_6127_162_7_9.jpg,complete
../data-raw/cnn_data/complete/format_1_6127_162_8_23.jpg,complete
../data-raw/cnn_data/complete/format_1_6127_162_8_2.jpg,complete
../data-raw/cnn_data/complete/format_1_6139_110_10_13.jpg,complete
../data-raw/cnn_data/complete/format_1_6139_110_10_22.jpg,complete
../data-raw/cnn_data/complete/format_1_6139_110_10_28.jpg,complete
../data-raw/cnn_data/complete/format_1_6139_110_10_3.jpg,complete
../data-raw/cnn_data/complete/format_1_6139_110_10_5.jpg,complete
../data-raw/cnn_data/complete/format_1_6139_110_10_6.jpg,complete
../data-raw/cnn_data/complete/format_1_6139_110_1_10.jpg,complete
../data-raw/cnn_data/complete/format_1_6139_110_11_10.jpg,complete
../data-raw/cnn_data/complete/format_1_6139_110_11_11.jpg,complete
../data-raw/cnn_data/complete/format_1_6139_110_11_12.jpg,complete
../data-raw/cnn_data/complete/format_1_6139_110_11_13.jpg,complete
../data-raw/cnn_data/complete/format_1_6139_110_11_14.jpg,complete
../data-raw/cnn_data/complete/format_1_6139_110_11_15.jpg,complete
../data-raw/cnn_data/complete/format_1_6139_110_11_16.jpg,complete
../data-raw/cnn_data/complete/format_1_6139_110_11_17.jpg,complete
../data-raw/cnn_data/complete/format_1_6139_110_11_18.jpg,complete
../data-raw/cnn_data/complete/format_1_6139_110_11_19.jpg,complete
../data-raw/cnn_data/complete/format_1_6139_110_1_11.jpg,complete
../data-raw/cnn_data/complete/format_1_6139_110_11_1.jpg,complete
../data-raw/cnn_data/complete/format_1_6139_110_11_20.jpg,complete
../data-raw/cnn_data/complete/format_1_6139_110_11_21.jpg,complete
../data-raw/cnn_data/complete/format_1_6139_110_11_22.jpg,complete
../data-raw/cnn_data/complete/format_1_6139_110_11_23.jpg,complete
../data-raw/cnn_data/complete/format_1_6139_110_11_24.jpg,complete
../data-raw/cnn_data/complete/format_1_6139_110_11_25.jpg,complete
../data-raw/cnn_data/complete/format_1_6139_110_11_26.jpg,complete
../data-raw/cnn_data/complete/format_1_6139_110_11_27.jpg,complete
../data-raw/cnn_data/complete/format_1_6139_110_11_28.jpg,complete
../data-raw/cnn_data/complete/format_1_6139_110_11_29.jpg,complete
../data-raw/cnn_data/complete/format_1_6139_110_1_12.jpg,complete
../data-raw/cnn_data/complete/format_1_6139_110_11_2.jpg,complete
../data-raw/cnn_data/complete/format_1_6139_110_11_30.jpg,complete
../data-raw/cnn_data/complete/format_1_6139_110_11_31.jpg,complete
../data-raw/cnn_data/complete/format_1_6139_110_1_13.jpg,complete
../data-raw/cnn_data/complete/format_1_6139_110_11_3.jpg,complete
../data-raw/cnn_data/complete/format_1_6139_110_1_14.jpg,complete
../data-raw/cnn_data/complete/format_1_6139_110_11_4.jpg,complete
../data-raw/cnn_data/complete/format_1_6139_110_1_15.jpg,complete
../data-raw/cnn_data/complete/format_1_6139_110_11_5.jpg,complete
../data-raw/cnn_data/complete/format_1_6139_110_1_16.jpg,complete
../data-raw/cnn_data/complete/format_1_6139_110_11_6.jpg,complete
../data-raw/cnn_data/complete/format_1_6139_110_1_17.jpg,complete
../data-raw/cnn_data/complete/format_1_6139_110_11_7.jpg,complete
../data-raw/cnn_data/complete/format_1_6139_110_1_18.jpg,complete
../data-raw/cnn_data/complete/format_1_6139_110_11_8.jpg,complete
../data-raw/cnn_data/complete/format_1_6139_110_1_19.jpg,complete
../data-raw/cnn_data/complete/format_1_6139_110_11_9.jpg,complete
../data-raw/cnn_data/complete/format_1_6139_110_1_1.jpg,complete
../data-raw/cnn_data/complete/format_1_6139_110_1_20.jpg,complete
../data-raw/cnn_data/complete/format_1_6139_110_12_10.jpg,complete
../data-raw/cnn_data/complete/format_1_6139_110_12_11.jpg,complete
../data-raw/cnn_data/complete/format_1_6139_110_12_12.jpg,complete
../data-raw/cnn_data/complete/format_1_6139_110_12_13.jpg,complete
../data-raw/cnn_data/complete/format_1_6139_110_12_14.jpg,complete
../data-raw/cnn_data/complete/format_1_6139_110_12_15.jpg,complete
../data-raw/cnn_data/complete/format_1_6139_110_12_16.jpg,complete
../data-raw/cnn_data/complete/format_1_6139_110_12_17.jpg,complete
../data-raw/cnn_data/complete/format_1_6139_110_12_18.jpg,complete
../data-raw/cnn_data/complete/format_1_6139_110_12_19.jpg,complete
../data-raw/cnn_data/complete/format_1_6139_110_1_21.jpg,complete
../data-raw/cnn_data/complete/format_1_6139_110_12_1.jpg,complete
../data-raw/cnn_data/complete/format_1_6139_110_12_20.jpg,complete
../data-raw/cnn_data/complete/format_1_6139_110_12_21.jpg,complete
../data-raw/cnn_data/complete/format_1_6139_110_12_22.jpg,complete
../data-raw/cnn_data/complete/format_1_6139_110_12_23.jpg,complete
../data-raw/cnn_data/complete/format_1_6139_110_12_24.jpg,complete
../data-raw/cnn_data/complete/format_1_6139_110_12_25.jpg,complete
../data-raw/cnn_data/complete/format_1_6139_110_12_26.jpg,complete
../data-raw/cnn_data/complete/format_1_6139_110_12_27.jpg,complete
../data-raw/cnn_data/complete/format_1_6139_110_12_28.jpg,complete
../data-raw/cnn_data/complete/format_1_6139_110_12_29.jpg,complete
../data-raw/cnn_data/complete/format_1_6139_110_1_22.jpg,complete
../data-raw/cnn_data/complete/format_1_6139_110_12_2.jpg,complete
../data-raw/cnn_data/complete/format_1_6139_110_12_30.jpg,complete
../data-raw/cnn_data/complete/format_1_6139_110_12_31.jpg,complete
../data-raw/cnn_data/complete/format_1_6139_110_1_23.jpg,complete
../data-raw/cnn_data/complete/format_1_6139_110_12_3.jpg,complete
../data-raw/cnn_data/complete/format_1_6139_110_1_24.jpg,complete
../data-raw/cnn_data/complete/format_1_6139_110_12_4.jpg,complete
../data-raw/cnn_data/complete/format_1_6139_110_1_25.jpg,complete
../data-raw/cnn_data/complete/format_1_6139_110_12_5.jpg,complete
../data-raw/cnn_data/complete/format_1_6139_110_1_26.jpg,complete
../data-raw/cnn_data/complete/format_1_6139_110_12_6.jpg,complete
../data-raw/cnn_data/complete/format_1_6139_110_1_27.jpg,complete
../data-raw/cnn_data/complete/format_1_6139_110_12_7.jpg,complete
../data-raw/cnn_data/complete/format_1_6139_110_1_28.jpg,complete
../data-raw/cnn_data/complete/format_1_6139_110_12_8.jpg,complete
../data-raw/cnn_data/complete/format_1_6139_110_1_29.jpg,complete
../data-raw/cnn_data/complete/format_1_6139_110_12_9.jpg,complete
../data-raw/cnn_data/complete/format_1_6139_110_1_2.jpg,complete
../data-raw/cnn_data/complete/format_1_6139_110_1_30.jpg,complete
../data-raw/cnn_data/complete/format_1_6139_110_1_31.jpg,complete
../data-raw/cnn_data/complete/format_1_6139_110_1_3.jpg,complete
../data-raw/cnn_data/complete/format_1_6139_110_1_4.jpg,complete
../data-raw/cnn_data/complete/format_1_6139_110_1_5.jpg,complete
../data-raw/cnn_data/complete/format_1_6139_110_1_6.jpg,complete
../data-raw/cnn_data/complete/format_1_6139_110_1_7.jpg,complete
../data-raw/cnn_data/complete/format_1_6139_110_1_8.jpg,complete
../data-raw/cnn_data/complete/format_1_6139_110_1_9.jpg,complete
../data-raw/cnn_data/complete/format_1_6139_110_5_10.jpg,complete
../data-raw/cnn_data/complete/format_1_6139_110_5_11.jpg,complete
../data-raw/cnn_data/complete/format_1_6139_110_5_12.jpg,complete
../data-raw/cnn_data/complete/format_1_6139_110_5_13.jpg,complete
../data-raw/cnn_data/complete/format_1_6139_110_5_14.jpg,complete
../data-raw/cnn_data/complete/format_1_6139_110_5_15.jpg,complete
../data-raw/cnn_data/complete/format_1_6139_110_5_16.jpg,complete
../data-raw/cnn_data/complete/format_1_6139_110_5_17.jpg,complete
../data-raw/cnn_data/complete/format_1_6139_110_5_18.jpg,complete
../data-raw/cnn_data/complete/format_1_6139_110_5_19.jpg,complete
../data-raw/cnn_data/complete/format_1_6139_110_5_1.jpg,complete
../data-raw/cnn_data/complete/format_1_6139_110_5_20.jpg,complete
../data-raw/cnn_data/complete/format_1_6139_110_5_21.jpg,complete
../data-raw/cnn_data/complete/format_1_6139_110_5_22.jpg,complete
../data-raw/cnn_data/complete/format_1_6139_110_5_23.jpg,complete
../data-raw/cnn_data/complete/format_1_6139_110_5_24.jpg,complete
../data-raw/cnn_data/complete/format_1_6139_110_5_25.jpg,complete
../data-raw/cnn_data/complete/format_1_6139_110_5_26.jpg,complete
../data-raw/cnn_data/complete/format_1_6139_110_5_27.jpg,complete
../data-raw/cnn_data/complete/format_1_6139_110_5_28.jpg,complete
../data-raw/cnn_data/complete/format_1_6139_110_5_29.jpg,complete
../data-raw/cnn_data/complete/format_1_6139_110_5_2.jpg,complete
../data-raw/cnn_data/complete/format_1_6139_110_5_30.jpg,complete
../data-raw/cnn_data/complete/format_1_6139_110_5_31.jpg,complete
../data-raw/cnn_data/complete/format_1_6139_110_5_3.jpg,complete
../data-raw/cnn_data/complete/format_1_6139_110_5_4.jpg,complete
../data-raw/cnn_data/complete/format_1_6139_110_5_5.jpg,complete
../data-raw/cnn_data/complete/format_1_6139_110_5_6.jpg,complete
../data-raw/cnn_data/complete/format_1_6139_110_5_7.jpg,complete
../data-raw/cnn_data/complete/format_1_6139_110_5_8.jpg,complete
../data-raw/cnn_data/complete/format_1_6139_110_5_9.jpg,complete
../data-raw/cnn_data/complete/format_1_6139_110_6_10.jpg,complete
../data-raw/cnn_data/complete/format_1_6139_110_6_11.jpg,complete
../data-raw/cnn_data/complete/format_1_6139_110_6_12.jpg,complete
../data-raw/cnn_data/complete/format_1_6139_110_6_13.jpg,complete
../data-raw/cnn_data/complete/format_1_6139_110_6_14.jpg,complete
../data-raw/cnn_data/complete/format_1_6139_110_6_15.jpg,complete
../data-raw/cnn_data/complete/format_1_6139_110_6_16.jpg,complete
../data-raw/cnn_data/complete/format_1_6139_110_6_17.jpg,complete
../data-raw/cnn_data/complete/format_1_6139_110_6_18.jpg,complete
../data-raw/cnn_data/complete/format_1_6139_110_6_19.jpg,complete
../data-raw/cnn_data/complete/format_1_6139_110_6_1.jpg,complete
../data-raw/cnn_data/complete/format_1_6139_110_6_20.jpg,complete
../data-raw/cnn_data/complete/format_1_6139_110_6_21.jpg,complete
../data-raw/cnn_data/complete/format_1_6139_110_6_22.jpg,complete
../data-raw/cnn_data/complete/format_1_6139_110_6_23.jpg,complete
../data-raw/cnn_data/complete/format_1_6139_110_6_24.jpg,complete
../data-raw/cnn_data/complete/format_1_6139_110_6_25.jpg,complete
../data-raw/cnn_data/complete/format_1_6139_110_6_26.jpg,complete
../data-raw/cnn_data/complete/format_1_6139_110_6_27.jpg,complete
../data-raw/cnn_data/complete/format_1_6139_110_6_28.jpg,complete
../data-raw/cnn_data/complete/format_1_6139_110_6_29.jpg,complete
../data-raw/cnn_data/complete/format_1_6139_110_6_2.jpg,complete
../data-raw/cnn_data/complete/format_1_6139_110_6_30.jpg,complete
../data-raw/cnn_data/complete/format_1_6139_110_6_31.jpg,complete
../data-raw/cnn_data/complete/format_1_6139_110_6_3.jpg,complete
../data-raw/cnn_data/complete/format_1_6139_110_6_4.jpg,complete
../data-raw/cnn_data/complete/format_1_6139_110_6_5.jpg,complete
../data-raw/cnn_data/complete/format_1_6139_110_6_6.jpg,complete
../data-raw/cnn_data/complete/format_1_6139_110_6_7.jpg,complete
../data-raw/cnn_data/complete/format_1_6139_110_6_8.jpg,complete
../data-raw/cnn_data/complete/format_1_6139_110_6_9.jpg,complete
../data-raw/cnn_data/complete/format_1_6139_110_8_10.jpg,complete
../data-raw/cnn_data/complete/format_1_6139_110_8_11.jpg,complete
../data-raw/cnn_data/complete/format_1_6139_110_8_13.jpg,complete
../data-raw/cnn_data/complete/format_1_6139_110_8_14.jpg,complete
../data-raw/cnn_data/complete/format_1_6139_110_8_15.jpg,complete
../data-raw/cnn_data/complete/format_1_6139_110_8_17.jpg,complete
../data-raw/cnn_data/complete/format_1_6139_110_8_18.jpg,complete
../data-raw/cnn_data/complete/format_1_6139_110_8_22.jpg,complete
../data-raw/cnn_data/complete/format_1_6139_110_8_24.jpg,complete
../data-raw/cnn_data/complete/format_1_6139_110_8_28.jpg,complete
../data-raw/cnn_data/complete/format_1_6139_110_8_31.jpg,complete
../data-raw/cnn_data/complete/format_1_6139_110_8_3.jpg,complete
../data-raw/cnn_data/complete/format_1_6139_110_8_5.jpg,complete
../data-raw/cnn_data/complete/format_1_6139_110_8_6.jpg,complete
../data-raw/cnn_data/complete/format_1_6139_110_8_8.jpg,complete
../data-raw/cnn_data/complete/format_1_6139_110_9_10.jpg,complete
../data-raw/cnn_data/complete/format_1_6139_110_9_13.jpg,complete
../data-raw/cnn_data/complete/format_1_6139_110_9_31.jpg,complete
../data-raw/cnn_data/complete/format_1_6139_110_9_3.jpg,complete
../data-raw/cnn_data/complete/format_1_6139_110_9_6.jpg,complete
../data-raw/cnn_data/complete/format_1_6139_110_9_8.jpg,complete
../data-raw/cnn_data/empty/format_1_6120_057_10_10.jpg,empty
../data-raw/cnn_data/empty/format_1_6120_057_10_11.jpg,empty
../data-raw/cnn_data/empty/format_1_6120_057_10_12.jpg,empty
../data-raw/cnn_data/empty/format_1_6120_057_10_13.jpg,empty
../data-raw/cnn_data/empty/format_1_6120_057_10_14.jpg,empty
../data-raw/cnn_data/empty/format_1_6120_057_10_15.jpg,empty
../data-raw/cnn_data/empty/format_1_6120_057_10_16.jpg,empty
../data-raw/cnn_data/empty/format_1_6120_057_10_17.jpg,empty
../data-raw/cnn_data/empty/format_1_6120_057_10_18.jpg,empty
../data-raw/cnn_data/empty/format_1_6120_057_10_19.jpg,empty
../data-raw/cnn_data/empty/format_1_6120_057_10_1.jpg,empty
../data-raw/cnn_data/empty/format_1_6120_057_10_20.jpg,empty
../data-raw/cnn_data/empty/format_1_6120_057_10_21.jpg,empty
../data-raw/cnn_data/empty/format_1_6120_057_10_22.jpg,empty
../data-raw/cnn_data/empty/format_1_6120_057_10_23.jpg,empty
../data-raw/cnn_data/empty/format_1_6120_057_10_24.jpg,empty
../data-raw/cnn_data/empty/format_1_6120_057_10_25.jpg,empty
../data-raw/cnn_data/empty/format_1_6120_057_10_26.jpg,empty
../data-raw/cnn_data/empty/format_1_6120_057_10_27.jpg,empty
../data-raw/cnn_data/empty/format_1_6120_057_10_28.jpg,empty
../data-raw/cnn_data/empty/format_1_6120_057_10_29.jpg,empty
../data-raw/cnn_data/empty/format_1_6120_057_10_2.jpg,empty
../data-raw/cnn_data/empty/format_1_6120_057_10_30.jpg,empty
../data-raw/cnn_data/empty/format_1_6120_057_10_31.jpg,empty
../data-raw/cnn_data/empty/format_1_6120_057_10_3.jpg,empty
../data-raw/cnn_data/empty/format_1_6120_057_10_4.jpg,empty
../data-raw/cnn_data/empty/format_1_6120_057_10_5.jpg,empty
../data-raw/cnn_data/empty/format_1_6120_057_10_6.jpg,empty
../data-raw/cnn_data/empty/format_1_6120_057_10_7.jpg,empty
../data-raw/cnn_data/empty/format_1_6120_057_10_8.jpg,empty
../data-raw/cnn_data/empty/format_1_6120_057_10_9.jpg,empty
../data-raw/cnn_data/empty/format_1_6120_057_12_10.jpg,empty
../data-raw/cnn_data/empty/format_1_6120_057_12_11.jpg,empty
../data-raw/cnn_data/empty/format_1_6120_057_12_12.jpg,empty
../data-raw/cnn_data/empty/format_1_6120_057_12_13.jpg,empty
../data-raw/cnn_data/empty/format_1_6120_057_12_14.jpg,empty
../data-raw/cnn_data/empty/format_1_6120_057_12_15.jpg,empty
../data-raw/cnn_data/empty/format_1_6120_057_12_16.jpg,empty
../data-raw/cnn_data/empty/format_1_6120_057_12_17.jpg,empty
../data-raw/cnn_data/empty/format_1_6120_057_12_18.jpg,empty
../data-raw/cnn_data/empty/format_1_6120_057_12_19.jpg,empty
../data-raw/cnn_data/empty/format_1_6120_057_12_1.jpg,empty
../data-raw/cnn_data/empty/format_1_6120_057_12_20.jpg,empty
../data-raw/cnn_data/empty/format_1_6120_057_12_21.jpg,empty
../data-raw/cnn_data/empty/format_1_6120_057_12_22.jpg,empty
../data-raw/cnn_data/empty/format_1_6120_057_12_23.jpg,empty
../data-raw/cnn_data/empty/format_1_6120_057_12_24.jpg,empty
../data-raw/cnn_data/empty/format_1_6120_057_12_25.jpg,empty
../data-raw/cnn_data/empty/format_1_6120_057_12_26.jpg,empty
../data-raw/cnn_data/empty/format_1_6120_057_12_27.jpg,empty
../data-raw/cnn_data/empty/format_1_6120_057_12_28.jpg,empty
../data-raw/cnn_data/empty/format_1_6120_057_12_29.jpg,empty
../data-raw/cnn_data/empty/format_1_6120_057_12_2.jpg,empty
../data-raw/cnn_data/empty/format_1_6120_057_12_30.jpg,empty
../data-raw/cnn_data/empty/format_1_6120_057_12_31.jpg,empty
../data-raw/cnn_data/empty/format_1_6120_057_12_3.jpg,empty
../data-raw/cnn_data/empty/format_1_6120_057_12_4.jpg,empty
../data-raw/cnn_data/empty/format_1_6120_057_12_5.jpg,empty
../data-raw/cnn_data/empty/format_1_6120_057_12_6.jpg,empty
../data-raw/cnn_data/empty/format_1_6120_057_12_7.jpg,empty
../data-raw/cnn_data/empty/format_1_6120_057_12_8.jpg,empty
../data-raw/cnn_data/empty/format_1_6120_057_12_9.jpg,empty
../data-raw/cnn_data/empty/format_1_6120_057_13_10.jpg,empty
../data-raw/cnn_data/empty/format_1_6120_057_13_11.jpg,empty
../data-raw/cnn_data/empty/format_1_6120_057_13_12.jpg,empty
../data-raw/cnn_data/empty/format_1_6120_057_13_13.jpg,empty
../data-raw/cnn_data/empty/format_1_6120_057_13_14.jpg,empty
../data-raw/cnn_data/empty/format_1_6120_057_13_15.jpg,empty
../data-raw/cnn_data/empty/format_1_6120_057_13_16.jpg,empty
../data-raw/cnn_data/empty/format_1_6120_057_13_17.jpg,empty
../data-raw/cnn_data/empty/format_1_6120_057_13_18.jpg,empty
../data-raw/cnn_data/empty/format_1_6120_057_13_19.jpg,empty
../data-raw/cnn_data/empty/format_1_6120_057_13_1.jpg,empty
../data-raw/cnn_data/empty/format_1_6120_057_13_20.jpg,empty
../data-raw/cnn_data/empty/format_1_6120_057_13_21.jpg,empty
../data-raw/cnn_data/empty/format_1_6120_057_13_22.jpg,empty
../data-raw/cnn_data/empty/format_1_6120_057_13_23.jpg,empty
../data-raw/cnn_data/empty/format_1_6120_057_13_24.jpg,empty
../data-raw/cnn_data/empty/format_1_6120_057_13_26.jpg,empty
../data-raw/cnn_data/empty/format_1_6120_057_13_27.jpg,empty
../data-raw/cnn_data/empty/format_1_6120_057_13_29.jpg,empty
../data-raw/cnn_data/empty/format_1_6120_057_13_2.jpg,empty
../data-raw/cnn_data/empty/format_1_6120_057_13_30.jpg,empty
../data-raw/cnn_data/empty/format_1_6120_057_13_31.jpg,empty
../data-raw/cnn_data/empty/format_1_6120_057_13_3.jpg,empty
../data-raw/cnn_data/empty/format_1_6120_057_13_4.jpg,empty
../data-raw/cnn_data/empty/format_1_6120_057_13_5.jpg,empty
../data-raw/cnn_data/empty/format_1_6120_057_13_6.jpg,empty
../data-raw/cnn_data/empty/format_1_6120_057_13_7.jpg,empty
../data-raw/cnn_data/empty/format_1_6120_057_13_8.jpg,empty
../data-raw/cnn_data/empty/format_1_6120_057_13_9.jpg,empty
../data-raw/cnn_data/empty/format_1_6120_057_14_10.jpg,empty
../data-raw/cnn_data/empty/format_1_6120_057_14_11.jpg,empty
../data-raw/cnn_data/empty/format_1_6120_057_14_12.jpg,empty
../data-raw/cnn_data/empty/format_1_6120_057_14_13.jpg,empty
../data-raw/cnn_data/empty/format_1_6120_057_14_14.jpg,empty
../data-raw/cnn_data/empty/format_1_6120_057_14_15.jpg,empty
../data-raw/cnn_data/empty/format_1_6120_057_14_16.jpg,empty
../data-raw/cnn_data/empty/format_1_6120_057_14_17.jpg,empty
../data-raw/cnn_data/empty/format_1_6120_057_14_18.jpg,empty
../data-raw/cnn_data/empty/format_1_6120_057_14_19.jpg,empty
../data-raw/cnn_data/empty/format_1_6120_057_14_1.jpg,empty
../data-raw/cnn_data/empty/format_1_6120_057_14_20.jpg,empty
../data-raw/cnn_data/empty/format_1_6120_057_14_21.jpg,empty
../data-raw/cnn_data/empty/format_1_6120_057_14_22.jpg,empty
../data-raw/cnn_data/empty/format_1_6120_057_14_23.jpg,empty
../data-raw/cnn_data/empty/format_1_6120_057_14_24.jpg,empty
../data-raw/cnn_data/empty/format_1_6120_057_14_25.jpg,empty
../data-raw/cnn_data/empty/format_1_6120_057_14_26.jpg,empty
../data-raw/cnn_data/empty/format_1_6120_057_14_27.jpg,empty
../data-raw/cnn_data/empty/format_1_6120_057_14_28.jpg,empty
../data-raw/cnn_data/empty/format_1_6120_057_14_29.jpg,empty
../data-raw/cnn_data/empty/format_1_6120_057_14_2.jpg,empty
../data-raw/cnn_data/empty/format_1_6120_057_14_30.jpg,empty
../data-raw/cnn_data/empty/format_1_6120_057_14_31.jpg,empty
../data-raw/cnn_data/empty/format_1_6120_057_14_3.jpg,empty
../data-raw/cnn_data/empty/format_1_6120_057_14_4.jpg,empty
../data-raw/cnn_data/empty/format_1_6120_057_14_5.jpg,empty
../data-raw/cnn_data/empty/format_1_6120_057_14_6.jpg,empty
../data-raw/cnn_data/empty/format_1_6120_057_14_7.jpg,empty
../data-raw/cnn_data/empty/format_1_6120_057_14_8.jpg,empty
../data-raw/cnn_data/empty/format_1_6120_057_14_9.jpg,empty
../data-raw/cnn_data/empty/format_1_6120_057_15_10.jpg,empty
../data-raw/cnn_data/empty/format_1_6120_057_15_11.jpg,empty
../data-raw/cnn_data/empty/format_1_6120_057_15_12.jpg,empty
../data-raw/cnn_data/empty/format_1_6120_057_15_13.jpg,empty
../data-raw/cnn_data/empty/format_1_6120_057_15_14.jpg,empty
../data-raw/cnn_data/empty/format_1_6120_057_15_15.jpg,empty
../data-raw/cnn_data/empty/format_1_6120_057_15_16.jpg,empty
../data-raw/cnn_data/empty/format_1_6120_057_15_17.jpg,empty
../data-raw/cnn_data/empty/format_1_6120_057_15_18.jpg,empty
../data-raw/cnn_data/empty/format_1_6120_057_15_19.jpg,empty
../data-raw/cnn_data/empty/format_1_6120_057_15_1.jpg,empty
../data-raw/cnn_data/empty/format_1_6120_057_15_20.jpg,empty
../data-raw/cnn_data/empty/format_1_6120_057_15_21.jpg,empty
../data-raw/cnn_data/empty/format_1_6120_057_15_22.jpg,empty
../data-raw/cnn_data/empty/format_1_6120_057_15_23.jpg,empty
../data-raw/cnn_data/empty/format_1_6120_057_15_24.jpg,empty
../data-raw/cnn_data/empty/format_1_6120_057_15_25.jpg,empty
../data-raw/cnn_data/empty/format_1_6120_057_15_26.jpg,empty
../data-raw/cnn_data/empty/format_1_6120_057_15_27.jpg,empty
../data-raw/cnn_data/empty/format_1_6120_057_15_29.jpg,empty
../data-raw/cnn_data/empty/format_1_6120_057_15_2.jpg,empty
../data-raw/cnn_data/empty/format_1_6120_057_15_30.jpg,empty
../data-raw/cnn_data/empty/format_1_6120_057_15_31.jpg,empty
../data-raw/cnn_data/empty/format_1_6120_057_15_3.jpg,empty
../data-raw/cnn_data/empty/format_1_6120_057_15_4.jpg,empty
../data-raw/cnn_data/empty/format_1_6120_057_15_5.jpg,empty
../data-raw/cnn_data/empty/format_1_6120_057_15_6.jpg,empty
../data-raw/cnn_data/empty/format_1_6120_057_15_7.jpg,empty
../data-raw/cnn_data/empty/format_1_6120_057_15_8.jpg,empty
../data-raw/cnn_data/empty/format_1_6120_057_15_9.jpg,empty
../data-raw/cnn_data/empty/format_1_6120_057_16_10.jpg,empty
../data-raw/cnn_data/empty/format_1_6120_057_16_11.jpg,empty
../data-raw/cnn_data/empty/format_1_6120_057_16_12.jpg,empty
../data-raw/cnn_data/empty/format_1_6120_057_16_13.jpg,empty
../data-raw/cnn_data/empty/format_1_6120_057_16_14.jpg,empty
../data-raw/cnn_data/empty/format_1_6120_057_16_15.jpg,empty
../data-raw/cnn_data/empty/format_1_6120_057_16_16.jpg,empty
../data-raw/cnn_data/empty/format_1_6120_057_16_17.jpg,empty
../data-raw/cnn_data/empty/format_1_6120_057_16_18.jpg,empty
../data-raw/cnn_data/empty/format_1_6120_057_16_19.jpg,empty
../data-raw/cnn_data/empty/format_1_6120_057_16_1.jpg,empty
../data-raw/cnn_data/empty/format_1_6120_057_16_20.jpg,empty
../data-raw/cnn_data/empty/format_1_6120_057_16_21.jpg,empty
../data-raw/cnn_data/empty/format_1_6120_057_16_22.jpg,empty
../data-raw/cnn_data/empty/format_1_6120_057_16_23.jpg,empty
../data-raw/cnn_data/empty/format_1_6120_057_16_24.jpg,empty
../data-raw/cnn_data/empty/format_1_6120_057_16_25.jpg,empty
../data-raw/cnn_data/empty/format_1_6120_057_16_26.jpg,empty
../data-raw/cnn_data/empty/format_1_6120_057_16_27.jpg,empty
../data-raw/cnn_data/empty/format_1_6120_057_16_28.jpg,empty
../data-raw/cnn_data/empty/format_1_6120_057_16_29.jpg,empty
../data-raw/cnn_data/empty/format_1_6120_057_16_2.jpg,empty
../data-raw/cnn_data/empty/format_1_6120_057_16_30.jpg,empty
../data-raw/cnn_data/empty/format_1_6120_057_16_31.jpg,empty
../data-raw/cnn_data/empty/format_1_6120_057_16_3.jpg,empty
../data-raw/cnn_data/empty/format_1_6120_057_16_4.jpg,empty
../data-raw/cnn_data/empty/format_1_6120_057_16_5.jpg,empty
../data-raw/cnn_data/empty/format_1_6120_057_16_6.jpg,empty
../data-raw/cnn_data/empty/format_1_6120_057_16_7.jpg,empty
../data-raw/cnn_data/empty/format_1_6120_057_16_8.jpg,empty
../data-raw/cnn_data/empty/format_1_6120_057_16_9.jpg,empty
../data-raw/cnn_data/empty/format_1_6120_057_9_10.jpg,empty
../data-raw/cnn_data/empty/format_1_6120_057_9_11.jpg,empty
../data-raw/cnn_data/empty/format_1_6120_057_9_12.jpg,empty
../data-raw/cnn_data/empty/format_1_6120_057_9_13.jpg,empty
../data-raw/cnn_data/empty/format_1_6120_057_9_14.jpg,empty
../data-raw/cnn_data/empty/format_1_6120_057_9_15.jpg,empty
../data-raw/cnn_data/empty/format_1_6120_057_9_16.jpg,empty
../data-raw/cnn_data/empty/format_1_6120_057_9_17.jpg,empty
../data-raw/cnn_data/empty/format_1_6120_057_9_18.jpg,empty
../data-raw/cnn_data/empty/format_1_6120_057_9_19.jpg,empty
../data-raw/cnn_data/empty/format_1_6120_057_9_1.jpg,empty
../data-raw/cnn_data/empty/format_1_6120_057_9_20.jpg,empty
../data-raw/cnn_data/empty/format_1_6120_057_9_21.jpg,empty
../data-raw/cnn_data/empty/format_1_6120_057_9_22.jpg,empty
../data-raw/cnn_data/empty/format_1_6120_057_9_23.jpg,empty
../data-raw/cnn_data/empty/format_1_6120_057_9_24.jpg,empty
../data-raw/cnn_data/empty/format_1_6120_057_9_25.jpg,empty
../data-raw/cnn_data/empty/format_1_6120_057_9_26.jpg,empty
../data-raw/cnn_data/empty/format_1_6120_057_9_27.jpg,empty
../data-raw/cnn_data/empty/format_1_6120_057_9_28.jpg,empty
../data-raw/cnn_data/empty/format_1_6120_057_9_29.jpg,empty
../data-raw/cnn_data/empty/format_1_6120_057_9_2.jpg,empty
../data-raw/cnn_data/empty/format_1_6120_057_9_30.jpg,empty
../data-raw/cnn_data/empty/format_1_6120_057_9_31.jpg,empty
../data-raw/cnn_data/empty/format_1_6120_057_9_3.jpg,empty
../data-raw/cnn_data/empty/format_1_6120_057_9_4.jpg,empty
../data-raw/cnn_data/empty/format_1_6120_057_9_5.jpg,empty
../data-raw/cnn_data/empty/format_1_6120_057_9_6.jpg,empty
../data-raw/cnn_data/empty/format_1_6120_057_9_7.jpg,empty
../data-raw/cnn_data/empty/format_1_6120_057_9_8.jpg,empty
../data-raw/cnn_data/empty/format_1_6120_057_9_9.jpg,empty
../data-raw/cnn_data/empty/format_1_6127_162_10_10.jpg,empty
../data-raw/cnn_data/empty/format_1_6127_162_10_11.jpg,empty
../data-raw/cnn_data/empty/format_1_6127_162_10_12.jpg,empty
../data-raw/cnn_data/empty/format_1_6127_162_10_13.jpg,empty
../data-raw/cnn_data/empty/format_1_6127_162_10_14.jpg,empty
../data-raw/cnn_data/empty/format_1_6127_162_10_15.jpg,empty
../data-raw/cnn_data/empty/format_1_6127_162_10_16.jpg,empty
../data-raw/cnn_data/empty/format_1_6127_162_10_17.jpg,empty
../data-raw/cnn_data/empty/format_1_6127_162_10_18.jpg,empty
../data-raw/cnn_data/empty/format_1_6127_162_10_19.jpg,empty
../data-raw/cnn_data/empty/format_1_6127_162_10_1.jpg,empty
../data-raw/cnn_data/empty/format_1_6127_162_10_20.jpg,empty
../data-raw/cnn_data/empty/format_1_6127_162_10_21.jpg,empty
../data-raw/cnn_data/empty/format_1_6127_162_10_22.jpg,empty
../data-raw/cnn_data/empty/format_1_6127_162_10_23.jpg,empty
../data-raw/cnn_data/empty/format_1_6127_162_10_24.jpg,empty
../data-raw/cnn_data/empty/format_1_6127_162_10_25.jpg,empty
../data-raw/cnn_data/empty/format_1_6127_162_10_26.jpg,empty
../data-raw/cnn_data/empty/format_1_6127_162_10_27.jpg,empty
../data-raw/cnn_data/empty/format_1_6127_162_10_28.jpg,empty
../data-raw/cnn_data/empty/format_1_6127_162_10_29.jpg,empty
../data-raw/cnn_data/empty/format_1_6127_162_10_2.jpg,empty
../data-raw/cnn_data/empty/format_1_6127_162_10_30.jpg,empty
../data-raw/cnn_data/empty/format_1_6127_162_10_31.jpg,empty
../data-raw/cnn_data/empty/format_1_6127_162_10_3.jpg,empty
../data-raw/cnn_data/empty/format_1_6127_162_10_4.jpg,empty
../data-raw/cnn_data/empty/format_1_6127_162_10_5.jpg,empty
../data-raw/cnn_data/empty/format_1_6127_162_10_6.jpg,empty
../data-raw/cnn_data/empty/format_1_6127_162_10_7.jpg,empty
../data-raw/cnn_data/empty/format_1_6127_162_10_8.jpg,empty
../data-raw/cnn_data/empty/format_1_6127_162_10_9.jpg,empty
../data-raw/cnn_data/empty/format_1_6127_162_12_10.jpg,empty
../data-raw/cnn_data/empty/format_1_6127_162_12_11.jpg,empty
../data-raw/cnn_data/empty/format_1_6127_162_12_12.jpg,empty
../data-raw/cnn_data/empty/format_1_6127_162_12_13.jpg,empty
../data-raw/cnn_data/empty/format_1_6127_162_12_14.jpg,empty
../data-raw/cnn_data/empty/format_1_6127_162_12_15.jpg,empty
../data-raw/cnn_data/empty/format_1_6127_162_12_16.jpg,empty
../data-raw/cnn_data/empty/format_1_6127_162_12_17.jpg,empty
../data-raw/cnn_data/empty/format_1_6127_162_12_18.jpg,empty
../data-raw/cnn_data/empty/format_1_6127_162_12_19.jpg,empty
../data-raw/cnn_data/empty/format_1_6127_162_12_1.jpg,empty
../data-raw/cnn_data/empty/format_1_6127_162_12_20.jpg,empty
../data-raw/cnn_data/empty/format_1_6127_162_12_21.jpg,empty
../data-raw/cnn_data/empty/format_1_6127_162_12_22.jpg,empty
../data-raw/cnn_data/empty/format_1_6127_162_12_23.jpg,empty
../data-raw/cnn_data/empty/format_1_6127_162_12_24.jpg,empty
../data-raw/cnn_data/empty/format_1_6127_162_12_25.jpg,empty
../data-raw/cnn_data/empty/format_1_6127_162_12_26.jpg,empty
../data-raw/cnn_data/empty/format_1_6127_162_12_27.jpg,empty
../data-raw/cnn_data/empty/format_1_6127_162_12_28.jpg,empty
../data-raw/cnn_data/empty/format_1_6127_162_12_29.jpg,empty
../data-raw/cnn_data/empty/format_1_6127_162_12_2.jpg,empty
../data-raw/cnn_data/empty/format_1_6127_162_12_30.jpg,empty
../data-raw/cnn_data/empty/format_1_6127_162_12_31.jpg,empty
../data-raw/cnn_data/empty/format_1_6127_162_12_3.jpg,empty
../data-raw/cnn_data/empty/format_1_6127_162_12_4.jpg,empty
../data-raw/cnn_data/empty/format_1_6127_162_12_5.jpg,empty
../data-raw/cnn_data/empty/format_1_6127_162_12_6.jpg,empty
../data-raw/cnn_data/empty/format_1_6127_162_12_7.jpg,empty
../data-raw/cnn_data/empty/format_1_6127_162_12_8.jpg,empty
../data-raw/cnn_data/empty/format_1_6127_162_12_9.jpg,empty
../data-raw/cnn_data/empty/format_1_6127_162_13_10.jpg,empty
../data-raw/cnn_data/empty/format_1_6127_162_13_11.jpg,empty
../data-raw/cnn_data/empty/format_1_6127_162_13_12.jpg,empty
../data-raw/cnn_data/empty/format_1_6127_162_13_13.jpg,empty
../data-raw/cnn_data/empty/format_1_6127_162_13_14.jpg,empty
../data-raw/cnn_data/empty/format_1_6127_162_13_15.jpg,empty
../data-raw/cnn_data/empty/format_1_6127_162_13_16.jpg,empty
../data-raw/cnn_data/empty/format_1_6127_162_13_17.jpg,empty
../data-raw/cnn_data/empty/format_1_6127_162_13_18.jpg,empty
../data-raw/cnn_data/empty/format_1_6127_162_13_19.jpg,empty
../data-raw/cnn_data/empty/format_1_6127_162_13_1.jpg,empty
../data-raw/cnn_data/empty/format_1_6127_162_13_20.jpg,empty
../data-raw/cnn_data/empty/format_1_6127_162_13_21.jpg,empty
../data-raw/cnn_data/empty/format_1_6127_162_13_22.jpg,empty
../data-raw/cnn_data/empty/format_1_6127_162_13_23.jpg,empty
../data-raw/cnn_data/empty/format_1_6127_162_13_24.jpg,empty
../data-raw/cnn_data/empty/format_1_6127_162_13_25.jpg,empty
../data-raw/cnn_data/empty/format_1_6127_162_13_26.jpg,empty
../data-raw/cnn_data/empty/format_1_6127_162_13_27.jpg,empty
../data-raw/cnn_data/empty/format_1_6127_162_13_28.jpg,empty
../data-raw/cnn_data/empty/format_1_6127_162_13_29.jpg,empty
../data-raw/cnn_data/empty/format_1_6127_162_13_2.jpg,empty
../data-raw/cnn_data/empty/format_1_6127_162_13_30.jpg,empty
../data-raw/cnn_data/empty/format_1_6127_162_13_31.jpg,empty
../data-raw/cnn_data/empty/format_1_6127_162_13_3.jpg,empty
../data-raw/cnn_data/empty/format_1_6127_162_13_4.jpg,empty
../data-raw/cnn_data/empty/format_1_6127_162_13_5.jpg,empty
../data-raw/cnn_data/empty/format_1_6127_162_13_6.jpg,empty
../data-raw/cnn_data/empty/format_1_6127_162_13_7.jpg,empty
../data-raw/cnn_data/empty/format_1_6127_162_13_8.jpg,empty
../data-raw/cnn_data/empty/format_1_6127_162_13_9.jpg,empty
../data-raw/cnn_data/empty/format_1_6127_162_14_11.jpg,empty
../data-raw/cnn_data/empty/format_1_6127_162_14_12.jpg,empty
../data-raw/cnn_data/empty/format_1_6127_162_14_13.jpg,empty
../data-raw/cnn_data/empty/format_1_6127_162_14_14.jpg,empty
../data-raw/cnn_data/empty/format_1_6127_162_14_15.jpg,empty
../data-raw/cnn_data/empty/format_1_6127_162_14_16.jpg,empty
../data-raw/cnn_data/empty/format_1_6127_162_14_17.jpg,empty
../data-raw/cnn_data/empty/format_1_6127_162_14_18.jpg,empty
../data-raw/cnn_data/empty/format_1_6127_162_14_19.jpg,empty
../data-raw/cnn_data/empty/format_1_6127_162_14_1.jpg,empty
../data-raw/cnn_data/empty/format_1_6127_162_14_20.jpg,empty
../data-raw/cnn_data/empty/format_1_6127_162_14_21.jpg,empty
../data-raw/cnn_data/empty/format_1_6127_162_14_22.jpg,empty
../data-raw/cnn_data/empty/format_1_6127_162_14_23.jpg,empty
../data-raw/cnn_data/empty/format_1_6127_162_14_24.jpg,empty
../data-raw/cnn_data/empty/format_1_6127_162_14_25.jpg,empty
../data-raw/cnn_data/empty/format_1_6127_162_14_26.jpg,empty
../data-raw/cnn_data/empty/format_1_6127_162_14_27.jpg,empty
../data-raw/cnn_data/empty/format_1_6127_162_14_28.jpg,empty
../data-raw/cnn_data/empty/format_1_6127_162_14_29.jpg,empty
../data-raw/cnn_data/empty/format_1_6127_162_14_2.jpg,empty
../data-raw/cnn_data/empty/format_1_6127_162_14_30.jpg,empty
../data-raw/cnn_data/empty/format_1_6127_162_14_31.jpg,empty
../data-raw/cnn_data/empty/format_1_6127_162_14_3.jpg,empty
../data-raw/cnn_data/empty/format_1_6127_162_14_4.jpg,empty
../data-raw/cnn_data/empty/format_1_6127_162_14_5.jpg,empty
../data-raw/cnn_data/empty/format_1_6127_162_14_6.jpg,empty
../data-raw/cnn_data/empty/format_1_6127_162_14_7.jpg,empty
../data-raw/cnn_data/empty/format_1_6127_162_14_8.jpg,empty
../data-raw/cnn_data/empty/format_1_6127_162_14_9.jpg,empty
../data-raw/cnn_data/empty/format_1_6127_162_15_10.jpg,empty
../data-raw/cnn_data/empty/format_1_6127_162_15_11.jpg,empty
../data-raw/cnn_data/empty/format_1_6127_162_15_12.jpg,empty
../data-raw/cnn_data/empty/format_1_6127_162_15_13.jpg,empty
../data-raw/cnn_data/empty/format_1_6127_162_15_14.jpg,empty
../data-raw/cnn_data/empty/format_1_6127_162_15_15.jpg,empty
../data-raw/cnn_data/empty/format_1_6127_162_15_16.jpg,empty
../data-raw/cnn_data/empty/format_1_6127_162_15_17.jpg,empty
../data-raw/cnn_data/empty/format_1_6127_162_15_18.jpg,empty
../data-raw/cnn_data/empty/format_1_6127_162_15_19.jpg,empty
../data-raw/cnn_data/empty/format_1_6127_162_15_1.jpg,empty
../data-raw/cnn_data/empty/format_1_6127_162_15_20.jpg,empty
../data-raw/cnn_data/empty/format_1_6127_162_15_21.jpg,empty
../data-raw/cnn_data/empty/format_1_6127_162_15_22.jpg,empty
../data-raw/cnn_data/empty/format_1_6127_162_15_23.jpg,empty
../data-raw/cnn_data/empty/format_1_6127_162_15_24.jpg,empty
../data-raw/cnn_data/empty/format_1_6127_162_15_25.jpg,empty
../data-raw/cnn_data/empty/format_1_6127_162_15_26.jpg,empty
../data-raw/cnn_data/empty/format_1_6127_162_15_27.jpg,empty
../data-raw/cnn_data/empty/format_1_6127_162_15_28.jpg,empty
../data-raw/cnn_data/empty/format_1_6127_162_15_29.jpg,empty
../data-raw/cnn_data/empty/format_1_6127_162_15_2.jpg,empty
../data-raw/cnn_data/empty/format_1_6127_162_15_30.jpg,empty
../data-raw/cnn_data/empty/format_1_6127_162_15_31.jpg,empty
../data-raw/cnn_data/empty/format_1_6127_162_15_3.jpg,empty
../data-raw/cnn_data/empty/format_1_6127_162_15_4.jpg,empty
../data-raw/cnn_data/empty/format_1_6127_162_15_5.jpg,empty
../data-raw/cnn_data/empty/format_1_6127_162_15_6.jpg,empty
../data-raw/cnn_data/empty/format_1_6127_162_15_7.jpg,empty
../data-raw/cnn_data/empty/format_1_6127_162_15_8.jpg,empty
../data-raw/cnn_data/empty/format_1_6127_162_15_9.jpg,empty
../data-raw/cnn_data/empty/format_1_6127_162_16_10.jpg,empty
../data-raw/cnn_data/empty/format_1_6127_162_16_11.jpg,empty
../data-raw/cnn_data/empty/format_1_6127_162_16_12.jpg,empty
../data-raw/cnn_data/empty/format_1_6127_162_16_13.jpg,empty
../data-raw/cnn_data/empty/format_1_6127_162_16_14.jpg,empty
../data-raw/cnn_data/empty/format_1_6127_162_16_15.jpg,empty
../data-raw/cnn_data/empty/format_1_6127_162_16_16.jpg,empty
../data-raw/cnn_data/empty/format_1_6127_162_16_17.jpg,empty
../data-raw/cnn_data/empty/format_1_6127_162_16_18.jpg,empty
../data-raw/cnn_data/empty/format_1_6127_162_16_19.jpg,empty
../data-raw/cnn_data/empty/format_1_6127_162_16_1.jpg,empty
../data-raw/cnn_data/empty/format_1_6127_162_16_20.jpg,empty
../data-raw/cnn_data/empty/format_1_6127_162_16_21.jpg,empty
../data-raw/cnn_data/empty/format_1_6127_162_16_22.jpg,empty
../data-raw/cnn_data/empty/format_1_6127_162_16_23.jpg,empty
../data-raw/cnn_data/empty/format_1_6127_162_16_24.jpg,empty
../data-raw/cnn_data/empty/format_1_6127_162_16_25.jpg,empty
../data-raw/cnn_data/empty/format_1_6127_162_16_26.jpg,empty
../data-raw/cnn_data/empty/format_1_6127_162_16_27.jpg,empty
../data-raw/cnn_data/empty/format_1_6127_162_16_28.jpg,empty
../data-raw/cnn_data/empty/format_1_6127_162_16_29.jpg,empty
../data-raw/cnn_data/empty/format_1_6127_162_16_2.jpg,empty
../data-raw/cnn_data/empty/format_1_6127_162_16_30.jpg,empty
../data-raw/cnn_data/empty/format_1_6127_162_16_31.jpg,empty
../data-raw/cnn_data/empty/format_1_6127_162_16_3.jpg,empty
../data-raw/cnn_data/empty/format_1_6127_162_16_4.jpg,empty
../data-raw/cnn_data/empty/format_1_6127_162_16_5.jpg,empty
../data-raw/cnn_data/empty/format_1_6127_162_16_6.jpg,empty
../data-raw/cnn_data/empty/format_1_6127_162_16_7.jpg,empty
../data-raw/cnn_data/empty/format_1_6127_162_16_8.jpg,empty
../data-raw/cnn_data/empty/format_1_6127_162_16_9.jpg,empty
../data-raw/cnn_data/empty/format_1_6127_162_8_10.jpg,empty
../data-raw/cnn_data/empty/format_1_6127_162_8_11.jpg,empty
../data-raw/cnn_data/empty/format_1_6127_162_8_12.jpg,empty
../data-raw/cnn_data/empty/format_1_6127_162_8_13.jpg,empty
../data-raw/cnn_data/empty/format_1_6127_162_8_14.jpg,empty
../data-raw/cnn_data/empty/format_1_6127_162_8_15.jpg,empty
../data-raw/cnn_data/empty/format_1_6127_162_8_16.jpg,empty
../data-raw/cnn_data/empty/format_1_6127_162_8_17.jpg,empty
../data-raw/cnn_data/empty/format_1_6127_162_8_18.jpg,empty
../data-raw/cnn_data/empty/format_1_6127_162_8_19.jpg,empty
../data-raw/cnn_data/empty/format_1_6127_162_8_1.jpg,empty
../data-raw/cnn_data/empty/format_1_6127_162_8_20.jpg,empty
../data-raw/cnn_data/empty/format_1_6127_162_8_21.jpg,empty
../data-raw/cnn_data/empty/format_1_6127_162_8_22.jpg,empty
../data-raw/cnn_data/empty/format_1_6127_162_8_24.jpg,empty
../data-raw/cnn_data/empty/format_1_6127_162_8_25.jpg,empty
../data-raw/cnn_data/empty/format_1_6127_162_8_26.jpg,empty
../data-raw/cnn_data/empty/format_1_6127_162_8_27.jpg,empty
../data-raw/cnn_data/empty/format_1_6127_162_8_28.jpg,empty
../data-raw/cnn_data/empty/format_1_6127_162_8_29.jpg,empty
../data-raw/cnn_data/empty/format_1_6127_162_8_30.jpg,empty
../data-raw/cnn_data/empty/format_1_6127_162_8_31.jpg,empty
../data-raw/cnn_data/empty/format_1_6127_162_8_3.jpg,empty
../data-raw/cnn_data/empty/format_1_6127_162_8_4.jpg,empty
../data-raw/cnn_data/empty/format_1_6127_162_8_5.jpg,empty
../data-raw/cnn_data/empty/format_1_6127_162_8_6.jpg,empty
../data-raw/cnn_data/empty/format_1_6127_162_8_7.jpg,empty
../data-raw/cnn_data/empty/format_1_6127_162_8_8.jpg,empty
../data-raw/cnn_data/empty/format_1_6127_162_8_9.jpg,empty
../data-raw/cnn_data/empty/format_1_6127_162_9_10.jpg,empty
../data-raw/cnn_data/empty/format_1_6127_162_9_11.jpg,empty
../data-raw/cnn_data/empty/format_1_6127_162_9_12.jpg,empty
../data-raw/cnn_data/empty/format_1_6127_162_9_13.jpg,empty
../data-raw/cnn_data/empty/format_1_6127_162_9_14.jpg,empty
../data-raw/cnn_data/empty/format_1_6127_162_9_15.jpg,empty
../data-raw/cnn_data/empty/format_1_6127_162_9_16.jpg,empty
../data-raw/cnn_data/empty/format_1_6127_162_9_17.jpg,empty
../data-raw/cnn_data/empty/format_1_6127_162_9_18.jpg,empty
../data-raw/cnn_data/empty/format_1_6127_162_9_19.jpg,empty
../data-raw/cnn_data/empty/format_1_6127_162_9_1.jpg,empty
../data-raw/cnn_data/empty/format_1_6127_162_9_20.jpg,empty
../data-raw/cnn_data/empty/format_1_6127_162_9_21.jpg,empty
../data-raw/cnn_data/empty/format_1_6127_162_9_22.jpg,empty
../data-raw/cnn_data/empty/format_1_6127_162_9_23.jpg,empty
../data-raw/cnn_data/empty/format_1_6127_162_9_24.jpg,empty
../data-raw/cnn_data/empty/format_1_6127_162_9_25.jpg,empty
../data-raw/cnn_data/empty/format_1_6127_162_9_26.jpg,empty
../data-raw/cnn_data/empty/format_1_6127_162_9_27.jpg,empty
../data-raw/cnn_data/empty/format_1_6127_162_9_28.jpg,empty
../data-raw/cnn_data/empty/format_1_6127_162_9_29.jpg,empty
../data-raw/cnn_data/empty/format_1_6127_162_9_2.jpg,empty
../data-raw/cnn_data/empty/format_1_6127_162_9_30.jpg,empty
../data-raw/cnn_data/empty/format_1_6127_162_9_31.jpg,empty
../data-raw/cnn_data/empty/format_1_6127_162_9_3.jpg,empty
../data-raw/cnn_data/empty/format_1_6127_162_9_4.jpg,empty
../data-raw/cnn_data/empty/format_1_6127_162_9_5.jpg,empty
../data-raw/cnn_data/empty/format_1_6127_162_9_6.jpg,empty
../data-raw/cnn_data/empty/format_1_6127_162_9_7.jpg,empty
../data-raw/cnn_data/empty/format_1_6127_162_9_8.jpg,empty
../data-raw/cnn_data/empty/format_1_6127_162_9_9.jpg,empty
../data-raw/cnn_data/empty/format_1_6139_110_10_12.jpg,empty
../data-raw/cnn_data/empty/format_1_6139_110_10_14.jpg,empty
../data-raw/cnn_data/empty/format_1_6139_110_10_15.jpg,empty
../data-raw/cnn_data/empty/format_1_6139_110_10_16.jpg,empty
../data-raw/cnn_data/empty/format_1_6139_110_10_17.jpg,empty
../data-raw/cnn_data/empty/format_1_6139_110_10_18.jpg,empty
../data-raw/cnn_data/empty/format_1_6139_110_10_19.jpg,empty
../data-raw/cnn_data/empty/format_1_6139_110_10_1.jpg,empty
../data-raw/cnn_data/empty/format_1_6139_110_10_20.jpg,empty
../data-raw/cnn_data/empty/format_1_6139_110_10_21.jpg,empty
../data-raw/cnn_data/empty/format_1_6139_110_10_23.jpg,empty
../data-raw/cnn_data/empty/format_1_6139_110_10_24.jpg,empty
../data-raw/cnn_data/empty/format_1_6139_110_10_25.jpg,empty
../data-raw/cnn_data/empty/format_1_6139_110_10_26.jpg,empty
../data-raw/cnn_data/empty/format_1_6139_110_10_27.jpg,empty
../data-raw/cnn_data/empty/format_1_6139_110_10_29.jpg,empty
../data-raw/cnn_data/empty/format_1_6139_110_10_2.jpg,empty
../data-raw/cnn_data/empty/format_1_6139_110_10_30.jpg,empty
../data-raw/cnn_data/empty/format_1_6139_110_10_31.jpg,empty
../data-raw/cnn_data/empty/format_1_6139_110_10_4.jpg,empty
../data-raw/cnn_data/empty/format_1_6139_110_10_7.jpg,empty
../data-raw/cnn_data/empty/format_1_6139_110_10_9.jpg,empty
../data-raw/cnn_data/empty/format_1_6139_110_13_10.jpg,empty
../data-raw/cnn_data/empty/format_1_6139_110_13_11.jpg,empty
../data-raw/cnn_data/empty/format_1_6139_110_13_12.jpg,empty
../data-raw/cnn_data/empty/format_1_6139_110_13_13.jpg,empty
../data-raw/cnn_data/empty/format_1_6139_110_13_14.jpg,empty
../data-raw/cnn_data/empty/format_1_6139_110_13_15.jpg,empty
../data-raw/cnn_data/empty/format_1_6139_110_13_16.jpg,empty
../data-raw/cnn_data/empty/format_1_6139_110_13_17.jpg,empty
../data-raw/cnn_data/empty/format_1_6139_110_13_18.jpg,empty
../data-raw/cnn_data/empty/format_1_6139_110_13_19.jpg,empty
../data-raw/cnn_data/empty/format_1_6139_110_13_1.jpg,empty
../data-raw/cnn_data/empty/format_1_6139_110_13_20.jpg,empty
../data-raw/cnn_data/empty/format_1_6139_110_13_21.jpg,empty
../data-raw/cnn_data/empty/format_1_6139_110_13_22.jpg,empty
../data-raw/cnn_data/empty/format_1_6139_110_13_23.jpg,empty
../data-raw/cnn_data/empty/format_1_6139_110_13_24.jpg,empty
../data-raw/cnn_data/empty/format_1_6139_110_13_25.jpg,empty
../data-raw/cnn_data/empty/format_1_6139_110_13_26.jpg,empty
../data-raw/cnn_data/empty/format_1_6139_110_13_27.jpg,empty
../data-raw/cnn_data/empty/format_1_6139_110_13_28.jpg,empty
../data-raw/cnn_data/empty/format_1_6139_110_13_29.jpg,empty
../data-raw/cnn_data/empty/format_1_6139_110_13_2.jpg,empty
../data-raw/cnn_data/empty/format_1_6139_110_13_30.jpg,empty
../data-raw/cnn_data/empty/format_1_6139_110_13_31.jpg,empty
../data-raw/cnn_data/empty/format_1_6139_110_13_3.jpg,empty
../data-raw/cnn_data/empty/format_1_6139_110_13_4.jpg,empty
../data-raw/cnn_data/empty/format_1_6139_110_13_5.jpg,empty
../data-raw/cnn_data/empty/format_1_6139_110_13_6.jpg,empty
../data-raw/cnn_data/empty/format_1_6139_110_13_7.jpg,empty
../data-raw/cnn_data/empty/format_1_6139_110_13_8.jpg,empty
../data-raw/cnn_data/empty/format_1_6139_110_13_9.jpg,empty
../data-raw/cnn_data/empty/format_1_6139_110_14_10.jpg,empty
../data-raw/cnn_data/empty/format_1_6139_110_14_11.jpg,empty
../data-raw/cnn_data/empty/format_1_6139_110_14_12.jpg,empty
../data-raw/cnn_data/empty/format_1_6139_110_14_13.jpg,empty
../data-raw/cnn_data/empty/format_1_6139_110_14_14.jpg,empty
../data-raw/cnn_data/empty/format_1_6139_110_14_15.jpg,empty
../data-raw/cnn_data/empty/format_1_6139_110_14_16.jpg,empty
../data-raw/cnn_data/empty/format_1_6139_110_14_17.jpg,empty
../data-raw/cnn_data/empty/format_1_6139_110_14_18.jpg,empty
../data-raw/cnn_data/empty/format_1_6139_110_14_19.jpg,empty
../data-raw/cnn_data/empty/format_1_6139_110_14_1.jpg,empty
../data-raw/cnn_data/empty/format_1_6139_110_14_20.jpg,empty
../data-raw/cnn_data/empty/format_1_6139_110_14_21.jpg,empty
../data-raw/cnn_data/empty/format_1_6139_110_14_22.jpg,empty
../data-raw/cnn_data/empty/format_1_6139_110_14_23.jpg,empty
../data-raw/cnn_data/empty/format_1_6139_110_14_24.jpg,empty
../data-raw/cnn_data/empty/format_1_6139_110_14_25.jpg,empty
../data-raw/cnn_data/empty/format_1_6139_110_14_26.jpg,empty
../data-raw/cnn_data/empty/format_1_6139_110_14_27.jpg,empty
../data-raw/cnn_data/empty/format_1_6139_110_14_28.jpg,empty
../data-raw/cnn_data/empty/format_1_6139_110_14_29.jpg,empty
../data-raw/cnn_data/empty/format_1_6139_110_14_2.jpg,empty
../data-raw/cnn_data/empty/format_1_6139_110_14_30.jpg,empty
../data-raw/cnn_data/empty/format_1_6139_110_14_31.jpg,empty
../data-raw/cnn_data/empty/format_1_6139_110_14_3.jpg,empty
../data-raw/cnn_data/empty/format_1_6139_110_14_4.jpg,empty
../data-raw/cnn_data/empty/format_1_6139_110_14_5.jpg,empty
../data-raw/cnn_data/empty/format_1_6139_110_14_6.jpg,empty
../data-raw/cnn_data/empty/format_1_6139_110_14_7.jpg,empty
../data-raw/cnn_data/empty/format_1_6139_110_14_8.jpg,empty
../data-raw/cnn_data/empty/format_1_6139_110_14_9.jpg,empty
../data-raw/cnn_data/empty/format_1_6139_110_15_10.jpg,empty
../data-raw/cnn_data/empty/format_1_6139_110_15_11.jpg,empty
../data-raw/cnn_data/empty/format_1_6139_110_15_12.jpg,empty
../data-raw/cnn_data/empty/format_1_6139_110_15_13.jpg,empty
../data-raw/cnn_data/empty/format_1_6139_110_15_14.jpg,empty
../data-raw/cnn_data/empty/format_1_6139_110_15_15.jpg,empty
../data-raw/cnn_data/empty/format_1_6139_110_15_16.jpg,empty
../data-raw/cnn_data/empty/format_1_6139_110_15_17.jpg,empty
../data-raw/cnn_data/empty/format_1_6139_110_15_18.jpg,empty
../data-raw/cnn_data/empty/format_1_6139_110_15_19.jpg,empty
../data-raw/cnn_data/empty/format_1_6139_110_15_1.jpg,empty
../data-raw/cnn_data/empty/format_1_6139_110_15_20.jpg,empty
../data-raw/cnn_data/empty/format_1_6139_110_15_21.jpg,empty
../data-raw/cnn_data/empty/format_1_6139_110_15_22.jpg,empty
../data-raw/cnn_data/empty/format_1_6139_110_15_23.jpg,empty
../data-raw/cnn_data/empty/format_1_6139_110_15_24.jpg,empty
../data-raw/cnn_data/empty/format_1_6139_110_15_25.jpg,empty
../data-raw/cnn_data/empty/format_1_6139_110_15_26.jpg,empty
../data-raw/cnn_data/empty/format_1_6139_110_15_27.jpg,empty
../data-raw/cnn_data/empty/format_1_6139_110_15_28.jpg,empty
../data-raw/cnn_data/empty/format_1_6139_110_15_29.jpg,empty
../data-raw/cnn_data/empty/format_1_6139_110_15_2.jpg,empty
../data-raw/cnn_data/empty/format_1_6139_110_15_30.jpg,empty
../data-raw/cnn_data/empty/format_1_6139_110_15_31.jpg,empty
../data-raw/cnn_data/empty/format_1_6139_110_15_3.jpg,empty
../data-raw/cnn_data/empty/format_1_6139_110_15_4.jpg,empty
../data-raw/cnn_data/empty/format_1_6139_110_15_5.jpg,empty
../data-raw/cnn_data/empty/format_1_6139_110_15_6.jpg,empty
../data-raw/cnn_data/empty/format_1_6139_110_15_7.jpg,empty
../data-raw/cnn_data/empty/format_1_6139_110_15_8.jpg,empty
../data-raw/cnn_data/empty/format_1_6139_110_15_9.jpg,empty
../data-raw/cnn_data/empty/format_1_6139_110_16_10.jpg,empty
../data-raw/cnn_data/empty/format_1_6139_110_16_11.jpg,empty
../data-raw/cnn_data/empty/format_1_6139_110_16_12.jpg,empty
../data-raw/cnn_data/empty/format_1_6139_110_16_13.jpg,empty
../data-raw/cnn_data/empty/format_1_6139_110_16_14.jpg,empty
../data-raw/cnn_data/empty/format_1_6139_110_16_15.jpg,empty
../data-raw/cnn_data/empty/format_1_6139_110_16_16.jpg,empty
../data-raw/cnn_data/empty/format_1_6139_110_16_17.jpg,empty
../data-raw/cnn_data/empty/format_1_6139_110_16_18.jpg,empty
../data-raw/cnn_data/empty/format_1_6139_110_16_19.jpg,empty
../data-raw/cnn_data/empty/format_1_6139_110_16_1.jpg,empty
../data-raw/cnn_data/empty/format_1_6139_110_16_20.jpg,empty
../data-raw/cnn_data/empty/format_1_6139_110_16_21.jpg,empty
../data-raw/cnn_data/empty/format_1_6139_110_16_22.jpg,empty
../data-raw/cnn_data/empty/format_1_6139_110_16_23.jpg,empty
../data-raw/cnn_data/empty/format_1_6139_110_16_24.jpg,empty
../data-raw/cnn_data/empty/format_1_6139_110_16_25.jpg,empty
../data-raw/cnn_data/empty/format_1_6139_110_16_26.jpg,empty
../data-raw/cnn_data/empty/format_1_6139_110_16_27.jpg,empty
../data-raw/cnn_data/empty/format_1_6139_110_16_28.jpg,empty
../data-raw/cnn_data/empty/format_1_6139_110_16_29.jpg,empty
../data-raw/cnn_data/empty/format_1_6139_110_16_2.jpg,empty
../data-raw/cnn_data/empty/format_1_6139_110_16_30.jpg,empty
../data-raw/cnn_data/empty/format_1_6139_110_16_31.jpg,empty
../data-raw/cnn_data/empty/format_1_6139_110_16_3.jpg,empty
../data-raw/cnn_data/empty/format_1_6139_110_16_4.jpg,empty
../data-raw/cnn_data/empty/format_1_6139_110_16_5.jpg,empty
../data-raw/cnn_data/empty/format_1_6139_110_16_6.jpg,empty
../data-raw/cnn_data/empty/format_1_6139_110_16_7.jpg,empty
../data-raw/cnn_data/empty/format_1_6139_110_16_8.jpg,empty
../data-raw/cnn_data/empty/format_1_6139_110_16_9.jpg,empty
../data-raw/cnn_data/empty/format_1_6139_110_2_10.jpg,empty
../data-raw/cnn_data/empty/format_1_6139_110_2_11.jpg,empty
../data-raw/cnn_data/empty/format_1_6139_110_2_12.jpg,empty
../data-raw/cnn_data/empty/format_1_6139_110_2_13.jpg,empty
../data-raw/cnn_data/empty/format_1_6139_110_2_14.jpg,empty
../data-raw/cnn_data/empty/format_1_6139_110_2_15.jpg,empty
../data-raw/cnn_data/empty/format_1_6139_110_2_16.jpg,empty
../data-raw/cnn_data/empty/format_1_6139_110_2_17.jpg,empty
../data-raw/cnn_data/empty/format_1_6139_110_2_18.jpg,empty
../data-raw/cnn_data/empty/format_1_6139_110_2_19.jpg,empty
../data-raw/cnn_data/empty/format_1_6139_110_2_1.jpg,empty
../data-raw/cnn_data/empty/format_1_6139_110_2_20.jpg,empty
../data-raw/cnn_data/empty/format_1_6139_110_2_21.jpg,empty
../data-raw/cnn_data/empty/format_1_6139_110_2_22.jpg,empty
../data-raw/cnn_data/empty/format_1_6139_110_2_23.jpg,empty
../data-raw/cnn_data/empty/format_1_6139_110_2_24.jpg,empty
../data-raw/cnn_data/empty/format_1_6139_110_2_25.jpg,empty
../data-raw/cnn_data/empty/format_1_6139_110_2_26.jpg,empty
../data-raw/cnn_data/empty/format_1_6139_110_2_27.jpg,empty
../data-raw/cnn_data/empty/format_1_6139_110_2_28.jpg,empty
../data-raw/cnn_data/empty/format_1_6139_110_2_29.jpg,empty
../data-raw/cnn_data/empty/format_1_6139_110_2_2.jpg,empty
../data-raw/cnn_data/empty/format_1_6139_110_2_30.jpg,empty
../data-raw/cnn_data/empty/format_1_6139_110_2_31.jpg,empty
../data-raw/cnn_data/empty/format_1_6139_110_2_3.jpg,empty
../data-raw/cnn_data/empty/format_1_6139_110_2_4.jpg,empty
../data-raw/cnn_data/empty/format_1_6139_110_2_5.jpg,empty
../data-raw/cnn_data/empty/format_1_6139_110_2_6.jpg,empty
../data-raw/cnn_data/empty/format_1_6139_110_2_7.jpg,empty
../data-raw/cnn_data/empty/format_1_6139_110_2_8.jpg,empty
../data-raw/cnn_data/empty/format_1_6139_110_2_9.jpg,empty
../data-raw/cnn_data/empty/format_1_6139_110_3_10.jpg,empty
../data-raw/cnn_data/empty/format_1_6139_110_3_11.jpg,empty
../data-raw/cnn_data/empty/format_1_6139_110_3_12.jpg,empty
../data-raw/cnn_data/empty/format_1_6139_110_3_13.jpg,empty
../data-raw/cnn_data/empty/format_1_6139_110_3_14.jpg,empty
../data-raw/cnn_data/empty/format_1_6139_110_3_15.jpg,empty
../data-raw/cnn_data/empty/format_1_6139_110_3_16.jpg,empty
../data-raw/cnn_data/empty/format_1_6139_110_3_17.jpg,empty
../data-raw/cnn_data/empty/format_1_6139_110_3_18.jpg,empty
../data-raw/cnn_data/empty/format_1_6139_110_3_19.jpg,empty
../data-raw/cnn_data/empty/format_1_6139_110_3_1.jpg,empty
../data-raw/cnn_data/empty/format_1_6139_110_3_20.jpg,empty
../data-raw/cnn_data/empty/format_1_6139_110_3_21.jpg,empty
../data-raw/cnn_data/empty/format_1_6139_110_3_22.jpg,empty
../data-raw/cnn_data/empty/format_1_6139_110_3_23.jpg,empty
../data-raw/cnn_data/empty/format_1_6139_110_3_24.jpg,empty
../data-raw/cnn_data/empty/format_1_6139_110_3_25.jpg,empty
../data-raw/cnn_data/empty/format_1_6139_110_3_26.jpg,empty
../data-raw/cnn_data/empty/format_1_6139_110_3_27.jpg,empty
../data-raw/cnn_data/empty/format_1_6139_110_3_28.jpg,empty
../data-raw/cnn_data/empty/format_1_6139_110_3_29.jpg,empty
../data-raw/cnn_data/empty/format_1_6139_110_3_2.jpg,empty
../data-raw/cnn_data/empty/format_1_6139_110_3_30.jpg,empty
../data-raw/cnn_data/empty/format_1_6139_110_3_31.jpg,empty
../data-raw/cnn_data/empty/format_1_6139_110_3_3.jpg,empty
../data-raw/cnn_data/empty/format_1_6139_110_3_4.jpg,empty
../data-raw/cnn_data/empty/format_1_6139_110_3_5.jpg,empty
../data-raw/cnn_data/empty/format_1_6139_110_3_6.jpg,empty
../data-raw/cnn_data/empty/format_1_6139_110_3_7.jpg,empty
../data-raw/cnn_data/empty/format_1_6139_110_3_8.jpg,empty
../data-raw/cnn_data/empty/format_1_6139_110_3_9.jpg,empty
../data-raw/cnn_data/empty/format_1_6139_110_4_10.jpg,empty
../data-raw/cnn_data/empty/format_1_6139_110_4_11.jpg,empty
../data-raw/cnn_data/empty/format_1_6139_110_4_12.jpg,empty
../data-raw/cnn_data/empty/format_1_6139_110_4_13.jpg,empty
../data-raw/cnn_data/empty/format_1_6139_110_4_14.jpg,empty
../data-raw/cnn_data/empty/format_1_6139_110_4_15.jpg,empty
../data-raw/cnn_data/empty/format_1_6139_110_4_16.jpg,empty
../data-raw/cnn_data/empty/format_1_6139_110_4_17.jpg,empty
../data-raw/cnn_data/empty/format_1_6139_110_4_18.jpg,empty
../data-raw/cnn_data/empty/format_1_6139_110_4_19.jpg,empty
../data-raw/cnn_data/empty/format_1_6139_110_4_1.jpg,empty
../data-raw/cnn_data/empty/format_1_6139_110_4_20.jpg,empty
../data-raw/cnn_data/empty/format_1_6139_110_4_21.jpg,empty
../data-raw/cnn_data/empty/format_1_6139_110_4_22.jpg,empty
../data-raw/cnn_data/empty/format_1_6139_110_4_23.jpg,empty
../data-raw/cnn_data/empty/format_1_6139_110_4_24.jpg,empty
../data-raw/cnn_data/empty/format_1_6139_110_4_25.jpg,empty
../data-raw/cnn_data/empty/format_1_6139_110_4_26.jpg,empty
../data-raw/cnn_data/empty/format_1_6139_110_4_27.jpg,empty
../data-raw/cnn_data/empty/format_1_6139_110_4_28.jpg,empty
../data-raw/cnn_data/empty/format_1_6139_110_4_29.jpg,empty
../data-raw/cnn_data/empty/format_1_6139_110_4_2.jpg,empty
../data-raw/cnn_data/empty/format_1_6139_110_4_30.jpg,empty
../data-raw/cnn_data/empty/format_1_6139_110_4_31.jpg,empty
../data-raw/cnn_data/empty/format_1_6139_110_4_3.jpg,empty
../data-raw/cnn_data/empty/format_1_6139_110_4_4.jpg,empty
../data-raw/cnn_data/empty/format_1_6139_110_4_5.jpg,empty
../data-raw/cnn_data/empty/format_1_6139_110_4_6.jpg,empty
../data-raw/cnn_data/empty/format_1_6139_110_4_7.jpg,empty
../data-raw/cnn_data/empty/format_1_6139_110_4_8.jpg,empty
../data-raw/cnn_data/empty/format_1_6139_110_4_9.jpg,empty
../data-raw/cnn_data/empty/format_1_6139_110_7_10.jpg,empty
../data-raw/cnn_data/empty/format_1_6139_110_7_11.jpg,empty
../data-raw/cnn_data/empty/format_1_6139_110_7_12.jpg,empty
../data-raw/cnn_data/empty/format_1_6139_110_7_13.jpg,empty
../data-raw/cnn_data/empty/format_1_6139_110_7_14.jpg,empty
../data-raw/cnn_data/empty/format_1_6139_110_7_15.jpg,empty
../data-raw/cnn_data/empty/format_1_6139_110_7_16.jpg,empty
../data-raw/cnn_data/empty/format_1_6139_110_7_17.jpg,empty
../data-raw/cnn_data/empty/format_1_6139_110_7_18.jpg,empty
../data-raw/cnn_data/empty/format_1_6139_110_7_19.jpg,empty
../data-raw/cnn_data/empty/format_1_6139_110_7_1.jpg,empty
../data-raw/cnn_data/empty/format_1_6139_110_7_20.jpg,empty
../data-raw/cnn_data/empty/format_1_6139_110_7_21.jpg,empty
../data-raw/cnn_data/empty/format_1_6139_110_7_22.jpg,empty
../data-raw/cnn_data/empty/format_1_6139_110_7_23.jpg,empty
../data-raw/cnn_data/empty/format_1_6139_110_7_24.jpg,empty
../data-raw/cnn_data/empty/format_1_6139_110_7_25.jpg,empty
../data-raw/cnn_data/empty/format_1_6139_110_7_26.jpg,empty
../data-raw/cnn_data/empty/format_1_6139_110_7_27.jpg,empty
../data-raw/cnn_data/empty/format_1_6139_110_7_28.jpg,empty
../data-raw/cnn_data/empty/format_1_6139_110_7_29.jpg,empty
../data-raw/cnn_data/empty/format_1_6139_110_7_2.jpg,empty
../data-raw/cnn_data/empty/format_1_6139_110_7_30.jpg,empty
../data-raw/cnn_data/empty/format_1_6139_110_7_31.jpg,empty
../data-raw/cnn_data/empty/format_1_6139_110_7_3.jpg,empty
../data-raw/cnn_data/empty/format_1_6139_110_7_4.jpg,empty
../data-raw/cnn_data/empty/format_1_6139_110_7_5.jpg,empty
../data-raw/cnn_data/empty/format_1_6139_110_7_6.jpg,empty
../data-raw/cnn_data/empty/format_1_6139_110_7_7.jpg,empty
../data-raw/cnn_data/empty/format_1_6139_110_7_8.jpg,empty
../data-raw/cnn_data/empty/format_1_6139_110_7_9.jpg,empty
../data-raw/cnn_data/empty/format_1_6139_110_8_12.jpg,empty
../data-raw/cnn_data/empty/format_1_6139_110_8_19.jpg,empty
../data-raw/cnn_data/empty/format_1_6139_110_8_1.jpg,empty
../data-raw/cnn_data/empty/format_1_6139_110_8_20.jpg,empty
../data-raw/cnn_data/empty/format_1_6139_110_8_23.jpg,empty
../data-raw/cnn_data/empty/format_1_6139_110_8_25.jpg,empty
../data-raw/cnn_data/empty/format_1_6139_110_8_26.jpg,empty
../data-raw/cnn_data/empty/format_1_6139_110_8_27.jpg,empty
../data-raw/cnn_data/empty/format_1_6139_110_8_29.jpg,empty
../data-raw/cnn_data/empty/format_1_6139_110_8_2.jpg,empty
../data-raw/cnn_data/empty/format_1_6139_110_8_30.jpg,empty
../data-raw/cnn_data/empty/format_1_6139_110_8_4.jpg,empty
../data-raw/cnn_data/empty/format_1_6139_110_8_7.jpg,empty
../data-raw/cnn_data/empty/format_1_6139_110_8_9.jpg,empty
../data-raw/cnn_data/empty/format_1_6139_110_9_11.jpg,empty
../data-raw/cnn_data/empty/format_1_6139_110_9_12.jpg,empty
../data-raw/cnn_data/empty/format_1_6139_110_9_14.jpg,empty
../data-raw/cnn_data/empty/format_1_6139_110_9_15.jpg,empty
../data-raw/cnn_data/empty/format_1_6139_110_9_16.jpg,empty
../data-raw/cnn_data/empty/format_1_6139_110_9_19.jpg,empty
../data-raw/cnn_data/empty/format_1_6139_110_9_1.jpg,empty
../data-raw/cnn_data/empty/format_1_6139_110_9_20.jpg,empty
../data-raw/cnn_data/empty/format_1_6139_110_9_21.jpg,empty
../data-raw/cnn_data/empty/format_1_6139_110_9_22.jpg,empty
../data-raw/cnn_data/empty/format_1_6139_110_9_23.jpg,empty
../data-raw/cnn_data/empty/format_1_6139_110_9_24.jpg,empty
../data-raw/cnn_data/empty/format_1_6139_110_9_25.jpg,empty
../data-raw/cnn_data/empty/format_1_6139_110_9_26.jpg,empty
../data-raw/cnn_data/empty/format_1_6139_110_9_27.jpg,empty
../data-raw/cnn_data/empty/format_1_6139_110_9_28.jpg,empty
../data-raw/cnn_data/empty/format_1_6139_110_9_29.jpg,empty
../data-raw/cnn_data/empty/format_1_6139_110_9_2.jpg,empty
../data-raw/cnn_data/empty/format_1_6139_110_9_30.jpg,empty
../data-raw/cnn_data/empty/format_1_6139_110_9_4.jpg,empty
../data-raw/cnn_data/empty/format_1_6139_110_9_5.jpg,empty
../data-raw/cnn_data/empty/format_1_6139_110_9_7.jpg,empty
../data-raw/cnn_data/empty/format_1_6139_110_9_9.jpg,empty
